nickname,username,tweets
Jabatan Komunikasi Komuniti (J-KOM),@dccomm_gov,"<div class=""css-901oao r-18jsvk2 r-37j5jr r-a023e6 r-16dba41 r-rjixqe r-bcqeeo r-bnwqim r-qvutc0"" data-testid=""tweetText"" dir=""auto"" id=""id__9capyjghzy"" lang=""in""><span class=""css-901oao css-16my406 r-poiln3 r-bcqeeo r-qvutc0"">1. Seperti yang telah diumumkan dalam </span><span class=""css-901oao css-16my406 r-poiln3 r-b88u0q r-bcqeeo r-qvutc0"">Belanjawan</span><span class=""css-901oao css-16my406 r-poiln3 r-bcqeeo r-qvutc0""> </span><span class=""css-901oao css-16my406 r-poiln3 r-b88u0q r-bcqeeo r-qvutc0"">2023</span><span class=""css-901oao css-16my406 r-poiln3 r-bcqeeo r-qvutc0"">, peminjam Tabung Pendidikan Tinggi Nasional (PTPTN) akan menikmati diskaun bayaran balik pinjaman maksimum 20 peratus untuk tempoh 1 Mac </span><span class=""css-901oao css-16my406 r-poiln3 r-b88u0q r-bcqeeo r-qvutc0"">2023</span><span class=""css-901oao css-16my406 r-poiln3 r-bcqeeo r-qvutc0""> sehingga 31 Mei </span><span class=""css-901oao css-16my406 r-poiln3 r-b88u0q r-bcqeeo r-qvutc0"">2023</span><span class=""css-901oao css-16my406 r-poiln3 r-bcqeeo r-qvutc0"">.</span></div>"
DAP Malaysia,@dapmalaysia,"<div class=""css-901oao r-18jsvk2 r-37j5jr r-a023e6 r-16dba41 r-rjixqe r-bcqeeo r-bnwqim r-qvutc0"" data-testid=""tweetText"" dir=""auto"" id=""id__9hugfob8lll"" lang=""in""><span class=""css-901oao css-16my406 r-poiln3 r-bcqeeo r-qvutc0"">Ahli Parlimen Bagan, </span><div class=""css-1dbjc4n r-xoduu5""><span class=""r-18u37iz""><a class=""css-4rbku5 css-18t94o4 css-901oao css-16my406 r-1cvl2hr r-1loqt21 r-poiln3 r-bcqeeo r-qvutc0"" dir=""ltr"" href=""/guanenglim"" role=""link"">@guanenglim</a></span></div><span class=""css-901oao css-16my406 r-poiln3 r-bcqeeo r-qvutc0"">  bercadang RM600 bantuan untuk masjid dalam </span><span class=""css-901oao css-16my406 r-poiln3 r-b88u0q r-bcqeeo r-qvutc0"">Belanjawan</span><span class=""css-901oao css-16my406 r-poiln3 r-bcqeeo r-qvutc0""> </span><span class=""css-901oao css-16my406 r-poiln3 r-b88u0q r-bcqeeo r-qvutc0"">2023</span><span class=""css-901oao css-16my406 r-poiln3 r-bcqeeo r-qvutc0""> diberikan juga kepada surau-surau </span><img alt=""üïå"" class=""r-4qtqp9 r-dflpy8 r-sjv1od r-zw8f10 r-10akycc r-h9hxbl"" draggable=""false"" src=""https://abs-0.twimg.com/emoji/v2/72x72/1f54c.png"" title=""Mosque""/><span class=""css-901oao css-16my406 r-poiln3 r-bcqeeo r-qvutc0""> </span><img alt=""‚ò™Ô∏è"" class=""r-4qtqp9 r-dflpy8 r-sjv1od r-zw8f10 r-10akycc r-h9hxbl"" draggable=""false"" src=""https://abs-0.twimg.com/emoji/v2/72x72/262a.png"" title=""Star and crescent""/></div>"
HONOR,@Honorglobal,"<div class=""css-901oao r-18jsvk2 r-37j5jr r-a023e6 r-16dba41 r-rjixqe r-bcqeeo r-bnwqim r-qvutc0"" data-testid=""tweetText"" dir=""auto"" id=""id__zt0spd3gnep"" lang=""en""><span class=""css-901oao css-16my406 r-poiln3 r-bcqeeo r-qvutc0"">Did you miss the launch of </span><span class=""r-18u37iz""><a class=""css-4rbku5 css-18t94o4 css-901oao css-16my406 r-1cvl2hr r-1loqt21 r-poiln3 r-bcqeeo r-qvutc0"" dir=""ltr"" href=""/hashtag/HONORMagic5?src=hashtag_click"" role=""link"">#HONORMagic5</a></span><span class=""css-901oao css-16my406 r-poiln3 r-bcqeeo r-qvutc0""> Pro and </span><span class=""r-18u37iz""><a class=""css-4rbku5 css-18t94o4 css-901oao css-16my406 r-1cvl2hr r-1loqt21 r-poiln3 r-bcqeeo r-qvutc0"" dir=""ltr"" href=""/hashtag/HONORMagicVs?src=hashtag_click"" role=""link"">#HONORMagicVs</a></span><span class=""css-901oao css-16my406 r-poiln3 r-bcqeeo r-qvutc0""> at </span><span class=""r-18u37iz""><a class=""css-4rbku5 css-18t94o4 css-901oao css-16my406 r-1cvl2hr r-1loqt21 r-poiln3 r-bcqeeo r-qvutc0"" dir=""ltr"" href=""/hashtag/MWC23?src=hashtag_click"" role=""link"">#MWC23</a></span><span class=""css-901oao css-16my406 r-poiln3 r-bcqeeo r-qvutc0"">? Don‚Äôt worry, we have your back. Revealing all the highlights and our biggest announcements right here. Watch now! </span><span class=""r-18u37iz""><a class=""css-4rbku5 css-18t94o4 css-901oao css-16my406 r-1cvl2hr r-1loqt21 r-poiln3 r-bcqeeo r-qvutc0"" dir=""ltr"" href=""/hashtag/UnleashthePowerofMagic?src=hashtag_click"" role=""link"">#UnleashthePowerofMagic</a></span><span class=""css-901oao css-16my406 r-poiln3 r-bcqeeo r-qvutc0""> </span><span class=""r-18u37iz""><a class=""css-4rbku5 css-18t94o4 css-901oao css-16my406 r-1cvl2hr r-1loqt21 r-poiln3 r-bcqeeo r-qvutc0"" dir=""ltr"" href=""/hashtag/HONORMWC2023?src=hashtag_click"" role=""link"">#HONORMWC2023</a></span></div>"
Astro AWANI,@501Awani,"<div class=""css-901oao r-18jsvk2 r-37j5jr r-a023e6 r-16dba41 r-rjixqe r-bcqeeo r-bnwqim r-qvutc0"" data-testid=""tweetText"" dir=""auto"" id=""id__oi29kexsyd7"" lang=""in""><span class=""css-901oao css-16my406 r-poiln3 r-bcqeeo r-qvutc0"">Dalam pembentangan </span><span class=""css-901oao css-16my406 r-poiln3 r-b88u0q r-bcqeeo r-qvutc0"">Belanjawan</span><span class=""css-901oao css-16my406 r-poiln3 r-bcqeeo r-qvutc0""> </span><span class=""css-901oao css-16my406 r-poiln3 r-b88u0q r-bcqeeo r-qvutc0"">2023</span><span class=""css-901oao css-16my406 r-poiln3 r-bcqeeo r-qvutc0""> baru-baru ini antara yang disentuh mengenai kemandirian pengeluaran makanan tempatan melalui automasi dan pendigitalan. Bagaimana ia boleh direalisasikan? </span><span class=""r-18u37iz""><a class=""css-4rbku5 css-18t94o4 css-901oao css-16my406 r-1cvl2hr r-1loqt21 r-poiln3 r-bcqeeo r-qvutc0"" dir=""ltr"" href=""/hashtag/DialogPoketRakyat?src=hashtag_click"" role=""link"">#DialogPoketRakyat</a></span><span class=""css-901oao css-16my406 r-poiln3 r-bcqeeo r-qvutc0""> </span><span class=""r-18u37iz""><a class=""css-4rbku5 css-18t94o4 css-901oao css-16my406 r-1cvl2hr r-1loqt21 r-poiln3 r-bcqeeo r-qvutc0"" dir=""ltr"" href=""/hashtag/AWANInews?src=hashtag_click"" role=""link"">#AWANInews</a></span></div>"
SinarHarian,@SinarOnline,"<div class=""css-901oao r-18jsvk2 r-37j5jr r-a023e6 r-16dba41 r-rjixqe r-bcqeeo r-bnwqim r-qvutc0"" data-testid=""tweetText"" dir=""auto"" id=""id__p3fzh371hl8"" lang=""in""><span class=""r-18u37iz""><a class=""css-4rbku5 css-18t94o4 css-901oao css-16my406 r-1cvl2hr r-1loqt21 r-poiln3 r-bcqeeo r-qvutc0"" dir=""ltr"" href=""/hashtag/podcast?src=hashtag_click"" role=""link"">#podcast</a></span><span class=""css-901oao css-16my406 r-poiln3 r-bcqeeo r-qvutc0""> Ikuti temubual isu </span><span class=""css-901oao css-16my406 r-poiln3 r-b88u0q r-bcqeeo r-qvutc0"">Belanjawan</span><span class=""css-901oao css-16my406 r-poiln3 r-bcqeeo r-qvutc0""> </span><span class=""css-901oao css-16my406 r-poiln3 r-b88u0q r-bcqeeo r-qvutc0"">2023</span><span class=""css-901oao css-16my406 r-poiln3 r-bcqeeo r-qvutc0""> Abai M40? dihoskan Haizir Othman bersama tetamu Ahli Majlis Pimpinan Pusat PKR, Yahya Sahri dalam Plot Twist.

Klik link </span><a class=""css-4rbku5 css-18t94o4 css-901oao css-16my406 r-1cvl2hr r-1loqt21 r-poiln3 r-bcqeeo r-qvutc0"" dir=""ltr"" href=""https://t.co/Y2hkwLdsK8"" rel=""noopener noreferrer nofollow"" role=""link"" target=""_blank""><span aria-hidden=""true"" class=""css-901oao css-16my406 r-poiln3 r-hiw28u r-qvk6io r-bcqeeo r-qvutc0"">https://</span>bit.ly/3EOaixx</a><span class=""css-901oao css-16my406 r-poiln3 r-bcqeeo r-qvutc0""> atau dengarkan podcast Sinar Harian di Spotify, Apple dan Google Podcasts!</span></div>"
PUSAT MAKLUMAT RAKYAT YAN,@yan_pmr,"<div class=""css-901oao r-18jsvk2 r-37j5jr r-a023e6 r-16dba41 r-rjixqe r-bcqeeo r-bnwqim r-qvutc0"" data-testid=""tweetText"" dir=""auto"" id=""id__unlv8rauyb"" lang=""in""><img alt=""üîä"" class=""r-4qtqp9 r-dflpy8 r-sjv1od r-zw8f10 r-10akycc r-h9hxbl"" draggable=""false"" src=""https://abs-0.twimg.com/emoji/v2/72x72/1f50a.png"" title=""Speaker with three sound waves""/><img alt=""üîä"" class=""r-4qtqp9 r-dflpy8 r-sjv1od r-zw8f10 r-10akycc r-h9hxbl"" draggable=""false"" src=""https://abs-0.twimg.com/emoji/v2/72x72/1f50a.png"" title=""Speaker with three sound waves""/><img alt=""üîä"" class=""r-4qtqp9 r-dflpy8 r-sjv1od r-zw8f10 r-10akycc r-h9hxbl"" draggable=""false"" src=""https://abs-0.twimg.com/emoji/v2/72x72/1f50a.png"" title=""Speaker with three sound waves""/><span class=""css-901oao css-16my406 r-poiln3 r-bcqeeo r-qvutc0""> PROGRAM INFO ON WHEELS ‚ÄúPMR OUTREACH‚Äù PEJABAT PENERANGAN DAERAH YAN </span><img alt=""üì¢"" class=""r-4qtqp9 r-dflpy8 r-sjv1od r-zw8f10 r-10akycc r-h9hxbl"" draggable=""false"" src=""https://abs-0.twimg.com/emoji/v2/72x72/1f4e2.png"" title=""Public address loudspeaker""/><img alt=""üì¢"" class=""r-4qtqp9 r-dflpy8 r-sjv1od r-zw8f10 r-10akycc r-h9hxbl"" draggable=""false"" src=""https://abs-0.twimg.com/emoji/v2/72x72/1f4e2.png"" title=""Public address loudspeaker""/><img alt=""üì¢"" class=""r-4qtqp9 r-dflpy8 r-sjv1od r-zw8f10 r-10akycc r-h9hxbl"" draggable=""false"" src=""https://abs-0.twimg.com/emoji/v2/72x72/1f4e2.png"" title=""Public address loudspeaker""/><span class=""css-901oao css-16my406 r-poiln3 r-bcqeeo r-qvutc0""> Hebahan </span><span class=""css-901oao css-16my406 r-poiln3 r-b88u0q r-bcqeeo r-qvutc0"">Belanjawan</span><span class=""css-901oao css-16my406 r-poiln3 r-bcqeeo r-qvutc0""> </span><span class=""css-901oao css-16my406 r-poiln3 r-b88u0q r-bcqeeo r-qvutc0"">2023</span><span class=""css-901oao css-16my406 r-poiln3 r-bcqeeo r-qvutc0""> dan Hebahan Jenayah Scam &amp; Promosi Talian NSRC 997, Hebahan Penyakit Denggi, Hebahan Penyakit TIBI dan Hebahan Program Kongsi Rezeki Jumaat Barakah.</span></div>"
PUSAT MAKLUMAT RAKYAT YAN,@yan_pmr,"<div class=""css-901oao r-18jsvk2 r-37j5jr r-a023e6 r-16dba41 r-rjixqe r-bcqeeo r-bnwqim r-qvutc0"" data-testid=""tweetText"" dir=""auto"" id=""id__h1cyk9jsmcq"" lang=""in""><img alt=""üîä"" class=""r-4qtqp9 r-dflpy8 r-sjv1od r-zw8f10 r-10akycc r-h9hxbl"" draggable=""false"" src=""https://abs-0.twimg.com/emoji/v2/72x72/1f50a.png"" title=""Speaker with three sound waves""/><img alt=""üîä"" class=""r-4qtqp9 r-dflpy8 r-sjv1od r-zw8f10 r-10akycc r-h9hxbl"" draggable=""false"" src=""https://abs-0.twimg.com/emoji/v2/72x72/1f50a.png"" title=""Speaker with three sound waves""/><img alt=""üîä"" class=""r-4qtqp9 r-dflpy8 r-sjv1od r-zw8f10 r-10akycc r-h9hxbl"" draggable=""false"" src=""https://abs-0.twimg.com/emoji/v2/72x72/1f50a.png"" title=""Speaker with three sound waves""/><span class=""css-901oao css-16my406 r-poiln3 r-bcqeeo r-qvutc0""> PROGRAM INFO ON WHEELS ‚ÄúPMR OUTREACH‚Äù PEJABAT PENERANGAN DAERAH YAN </span><img alt=""üì¢"" class=""r-4qtqp9 r-dflpy8 r-sjv1od r-zw8f10 r-10akycc r-h9hxbl"" draggable=""false"" src=""https://abs-0.twimg.com/emoji/v2/72x72/1f4e2.png"" title=""Public address loudspeaker""/><img alt=""üì¢"" class=""r-4qtqp9 r-dflpy8 r-sjv1od r-zw8f10 r-10akycc r-h9hxbl"" draggable=""false"" src=""https://abs-0.twimg.com/emoji/v2/72x72/1f4e2.png"" title=""Public address loudspeaker""/><img alt=""üì¢"" class=""r-4qtqp9 r-dflpy8 r-sjv1od r-zw8f10 r-10akycc r-h9hxbl"" draggable=""false"" src=""https://abs-0.twimg.com/emoji/v2/72x72/1f4e2.png"" title=""Public address loudspeaker""/><span class=""css-901oao css-16my406 r-poiln3 r-bcqeeo r-qvutc0""> Hebahan </span><span class=""css-901oao css-16my406 r-poiln3 r-b88u0q r-bcqeeo r-qvutc0"">Belanjawan</span><span class=""css-901oao css-16my406 r-poiln3 r-bcqeeo r-qvutc0""> </span><span class=""css-901oao css-16my406 r-poiln3 r-b88u0q r-bcqeeo r-qvutc0"">2023</span><span class=""css-901oao css-16my406 r-poiln3 r-bcqeeo r-qvutc0""> dan Hebahan Jenayah Scam &amp; Promosi Talian NSRC 997, Hebahan Penyakit Denggi, Hebahan Penyakit TIBI dan Hebahan Program Kongsi Rezeki Jumaat Barakah.</span></div>"
PUSAT MAKLUMAT RAKYAT YAN,@yan_pmr,"<div class=""css-901oao r-18jsvk2 r-37j5jr r-a023e6 r-16dba41 r-rjixqe r-bcqeeo r-bnwqim r-qvutc0"" data-testid=""tweetText"" dir=""auto"" id=""id__tvr3p68zm7"" lang=""in""><img alt=""üîä"" class=""r-4qtqp9 r-dflpy8 r-sjv1od r-zw8f10 r-10akycc r-h9hxbl"" draggable=""false"" src=""https://abs-0.twimg.com/emoji/v2/72x72/1f50a.png"" title=""Speaker with three sound waves""/><img alt=""üîä"" class=""r-4qtqp9 r-dflpy8 r-sjv1od r-zw8f10 r-10akycc r-h9hxbl"" draggable=""false"" src=""https://abs-0.twimg.com/emoji/v2/72x72/1f50a.png"" title=""Speaker with three sound waves""/><img alt=""üîä"" class=""r-4qtqp9 r-dflpy8 r-sjv1od r-zw8f10 r-10akycc r-h9hxbl"" draggable=""false"" src=""https://abs-0.twimg.com/emoji/v2/72x72/1f50a.png"" title=""Speaker with three sound waves""/><span class=""css-901oao css-16my406 r-poiln3 r-bcqeeo r-qvutc0""> PROGRAM INFO ON WHEELS ‚ÄúPMR OUTREACH‚Äù PEJABAT PENERANGAN DAERAH YAN </span><img alt=""üì¢"" class=""r-4qtqp9 r-dflpy8 r-sjv1od r-zw8f10 r-10akycc r-h9hxbl"" draggable=""false"" src=""https://abs-0.twimg.com/emoji/v2/72x72/1f4e2.png"" title=""Public address loudspeaker""/><img alt=""üì¢"" class=""r-4qtqp9 r-dflpy8 r-sjv1od r-zw8f10 r-10akycc r-h9hxbl"" draggable=""false"" src=""https://abs-0.twimg.com/emoji/v2/72x72/1f4e2.png"" title=""Public address loudspeaker""/><img alt=""üì¢"" class=""r-4qtqp9 r-dflpy8 r-sjv1od r-zw8f10 r-10akycc r-h9hxbl"" draggable=""false"" src=""https://abs-0.twimg.com/emoji/v2/72x72/1f4e2.png"" title=""Public address loudspeaker""/><span class=""css-901oao css-16my406 r-poiln3 r-bcqeeo r-qvutc0""> Hebahan </span><span class=""css-901oao css-16my406 r-poiln3 r-b88u0q r-bcqeeo r-qvutc0"">Belanjawan</span><span class=""css-901oao css-16my406 r-poiln3 r-bcqeeo r-qvutc0""> </span><span class=""css-901oao css-16my406 r-poiln3 r-b88u0q r-bcqeeo r-qvutc0"">2023</span><span class=""css-901oao css-16my406 r-poiln3 r-bcqeeo r-qvutc0""> dan Hebahan Jenayah Scam &amp; Promosi Talian NSRC 997, Hebahan Penyakit Denggi, Hebahan Penyakit TIBI dan Hebahan Program Kongsi Rezeki Jumaat Barakah.</span></div>"
NEGERIfm Official,@negerifm,"<div class=""css-901oao r-18jsvk2 r-37j5jr r-a023e6 r-16dba41 r-rjixqe r-bcqeeo r-bnwqim r-qvutc0"" data-testid=""tweetText"" dir=""auto"" id=""id__8o2rd9rcduh"" lang=""in""><span class=""css-901oao css-16my406 r-poiln3 r-bcqeeo r-qvutc0"">INFOGRAFIK 

Memudahcara pelaburan yang berimpak dan berkualiti tinggi

'Yang sahih di Berita RTM'
</span><span class=""r-18u37iz""><a class=""css-4rbku5 css-18t94o4 css-901oao css-16my406 r-1cvl2hr r-1loqt21 r-poiln3 r-bcqeeo r-qvutc0"" dir=""ltr"" href=""/hashtag/RTM?src=hashtag_click"" role=""link"">#RTM</a></span><span class=""css-901oao css-16my406 r-poiln3 r-bcqeeo r-qvutc0""> </span><span class=""r-18u37iz""><a class=""css-4rbku5 css-18t94o4 css-901oao css-16my406 r-1cvl2hr r-1loqt21 r-poiln3 r-bcqeeo r-qvutc0"" dir=""ltr"" href=""/hashtag/BeritaRTM?src=hashtag_click"" role=""link"">#BeritaRTM</a></span><span class=""css-901oao css-16my406 r-poiln3 r-bcqeeo r-qvutc0""> </span><span class=""r-18u37iz""><a class=""css-4rbku5 css-18t94o4 css-901oao css-16my406 r-1cvl2hr r-1loqt21 r-poiln3 r-b88u0q r-bcqeeo r-qvutc0"" dir=""ltr"" href=""/hashtag/Belanjawan2023?src=hashtag_click"" role=""link"">#Belanjawan2023</a></span><span class=""css-901oao css-16my406 r-poiln3 r-b88u0q r-bcqeeo r-qvutc0""></span><span class=""css-901oao css-16my406 r-poiln3 r-bcqeeo r-qvutc0""> </span><span class=""r-18u37iz""><a class=""css-4rbku5 css-18t94o4 css-901oao css-16my406 r-1cvl2hr r-1loqt21 r-poiln3 r-bcqeeo r-qvutc0"" dir=""ltr"" href=""/hashtag/MalaysiaMadani?src=hashtag_click"" role=""link"">#MalaysiaMadani</a></span></div>"
Berita RTM,@beritartm,"<div class=""css-901oao r-18jsvk2 r-37j5jr r-a023e6 r-16dba41 r-rjixqe r-bcqeeo r-bnwqim r-qvutc0"" data-testid=""tweetText"" dir=""auto"" id=""id__wdiooq8p20k"" lang=""in""><span class=""css-901oao css-16my406 r-poiln3 r-bcqeeo r-qvutc0"">Saksikan Naratif Khas

INISIATIF PAYUNG RAHMAH 

Bersama YB Datuk Seri Salahuddin Ayub,
Menteri Perdagangan Dalam Negeri dan Kos Sara Hidup

</span><img alt=""üìç"" class=""r-4qtqp9 r-dflpy8 r-sjv1od r-zw8f10 r-10akycc r-h9hxbl"" draggable=""false"" src=""https://abs-0.twimg.com/emoji/v2/72x72/1f4cd.png"" title=""Round pushpin""/><span class=""css-901oao css-16my406 r-poiln3 r-bcqeeo r-qvutc0""> 3 Mac </span><span class=""css-901oao css-16my406 r-poiln3 r-b88u0q r-bcqeeo r-qvutc0"">2023</span><span class=""css-901oao css-16my406 r-poiln3 r-bcqeeo r-qvutc0""> (Jumaat)
</span><img alt=""‚è∞"" class=""r-4qtqp9 r-dflpy8 r-sjv1od r-zw8f10 r-10akycc r-h9hxbl"" draggable=""false"" src=""https://abs-0.twimg.com/emoji/v2/72x72/23f0.png"" title=""Alarm clock""/><span class=""css-901oao css-16my406 r-poiln3 r-bcqeeo r-qvutc0""> 9:00 Malam

'Yang sahih di Berita RTM'
</span><span class=""r-18u37iz""><a class=""css-4rbku5 css-18t94o4 css-901oao css-16my406 r-1cvl2hr r-1loqt21 r-poiln3 r-bcqeeo r-qvutc0"" dir=""ltr"" href=""/hashtag/RTM?src=hashtag_click"" role=""link"">#RTM</a></span><span class=""css-901oao css-16my406 r-poiln3 r-bcqeeo r-qvutc0""> </span><span class=""r-18u37iz""><a class=""css-4rbku5 css-18t94o4 css-901oao css-16my406 r-1cvl2hr r-1loqt21 r-poiln3 r-bcqeeo r-qvutc0"" dir=""ltr"" href=""/hashtag/BeritaRTM?src=hashtag_click"" role=""link"">#BeritaRTM</a></span><span class=""css-901oao css-16my406 r-poiln3 r-bcqeeo r-qvutc0""> </span><span class=""r-18u37iz""><a class=""css-4rbku5 css-18t94o4 css-901oao css-16my406 r-1cvl2hr r-1loqt21 r-poiln3 r-bcqeeo r-qvutc0"" dir=""ltr"" href=""/hashtag/MalaysiaMadani?src=hashtag_click"" role=""link"">#MalaysiaMadani</a></span><span class=""css-901oao css-16my406 r-poiln3 r-bcqeeo r-qvutc0""> </span><span class=""r-18u37iz""><a class=""css-4rbku5 css-18t94o4 css-901oao css-16my406 r-1cvl2hr r-1loqt21 r-poiln3 r-b88u0q r-bcqeeo r-qvutc0"" dir=""ltr"" href=""/hashtag/Belanjawan2023?src=hashtag_click"" role=""link"">#Belanjawan2023</a></span><span class=""css-901oao css-16my406 r-poiln3 r-b88u0q r-bcqeeo r-qvutc0""></span><span class=""css-901oao css-16my406 r-poiln3 r-bcqeeo r-qvutc0""> </span><span class=""r-18u37iz""><a class=""css-4rbku5 css-18t94o4 css-901oao css-16my406 r-1cvl2hr r-1loqt21 r-poiln3 r-bcqeeo r-qvutc0"" dir=""ltr"" href=""/hashtag/NaratifKhas?src=hashtag_click"" role=""link"">#NaratifKhas</a></span></div>"
Ministry of Finance,@MOFmalaysia,"<div class=""css-901oao r-18jsvk2 r-37j5jr r-a023e6 r-16dba41 r-rjixqe r-bcqeeo r-bnwqim r-qvutc0"" data-testid=""tweetText"" dir=""auto"" id=""id__alil796ayiq"" lang=""in""><span class=""css-901oao css-16my406 r-poiln3 r-bcqeeo r-qvutc0"">Saksikan Wawancara MediaMuliaTv Bersama Timbalan Menteri Kewangan l, YB Datuk Seri Haji Ahmad Haji Maslan pada jam 9:00 malam ini.

</span><span class=""r-18u37iz""><a class=""css-4rbku5 css-18t94o4 css-901oao css-16my406 r-1cvl2hr r-1loqt21 r-poiln3 r-b88u0q r-bcqeeo r-qvutc0"" dir=""ltr"" href=""/hashtag/Belanjawan2023?src=hashtag_click"" role=""link"">#Belanjawan2023</a></span><span class=""css-901oao css-16my406 r-poiln3 r-b88u0q r-bcqeeo r-qvutc0""></span><span class=""css-901oao css-16my406 r-poiln3 r-bcqeeo r-qvutc0"">
</span><span class=""r-18u37iz""><a class=""css-4rbku5 css-18t94o4 css-901oao css-16my406 r-1cvl2hr r-1loqt21 r-poiln3 r-bcqeeo r-qvutc0"" dir=""ltr"" href=""/hashtag/BelanjawanMADANI?src=hashtag_click"" role=""link"">#BelanjawanMADANI</a></span></div>"
SuaraTV,@suara_tv,"<div class=""css-901oao r-18jsvk2 r-37j5jr r-a023e6 r-16dba41 r-rjixqe r-bcqeeo r-bnwqim r-qvutc0"" data-testid=""tweetText"" dir=""auto"" id=""id__06s84jpxa87w"" lang=""in""><span class=""css-901oao css-16my406 r-poiln3 r-bcqeeo r-qvutc0"">""Inisiatif yang diumumkan oleh kerajaan dalam </span><span class=""css-901oao css-16my406 r-poiln3 r-b88u0q r-bcqeeo r-qvutc0"">Belanjawan</span><span class=""css-901oao css-16my406 r-poiln3 r-bcqeeo r-qvutc0""> </span><span class=""css-901oao css-16my406 r-poiln3 r-b88u0q r-bcqeeo r-qvutc0"">2023</span><span class=""css-901oao css-16my406 r-poiln3 r-bcqeeo r-qvutc0""> untuk menggalakkan lebih ramai anak muda meningkatkan keupayaan dan kemahiran bagi mendapat gaji yang lebih sesuai dan setimpal."" </span><div class=""css-1dbjc4n r-xoduu5""><span class=""r-18u37iz""><a class=""css-4rbku5 css-18t94o4 css-901oao css-16my406 r-1cvl2hr r-1loqt21 r-poiln3 r-bcqeeo r-qvutc0"" dir=""ltr"" href=""/niknazmi"" role=""link"">@niknazmi</a></span></div><span class=""css-901oao css-16my406 r-poiln3 r-bcqeeo r-qvutc0"">
</span><a class=""css-4rbku5 css-18t94o4 css-901oao css-16my406 r-1cvl2hr r-1loqt21 r-poiln3 r-bcqeeo r-qvutc0"" dir=""ltr"" href=""https://t.co/LnPnuA0veG"" rel=""noopener noreferrer nofollow"" role=""link"" target=""_blank""><span aria-hidden=""true"" class=""css-901oao css-16my406 r-poiln3 r-hiw28u r-qvk6io r-bcqeeo r-qvutc0"">https://</span>suara.tv/03/03/2023/ker<span aria-hidden=""true"" class=""css-901oao css-16my406 r-poiln3 r-hiw28u r-qvk6io r-bcqeeo r-qvutc0"">ajaan-peruntuk-rm40-juta-pekerja-gig-jalani-program-kemahiran/</span><span aria-hidden=""true"" class=""css-901oao css-16my406 r-poiln3 r-bcqeeo r-lrvibr r-qvutc0"">‚Ä¶</span></a><span class=""css-901oao css-16my406 r-poiln3 r-bcqeeo r-qvutc0""> via </span><div class=""css-1dbjc4n r-xoduu5""><span class=""r-18u37iz""><a class=""css-4rbku5 css-18t94o4 css-901oao css-16my406 r-1cvl2hr r-1loqt21 r-poiln3 r-bcqeeo r-qvutc0"" dir=""ltr"" href=""/suara_tv"" role=""link"">@suara_tv</a></span></div></div>"
Rahmanmohamad,@DSARMOfficial,"<div class=""css-901oao r-18jsvk2 r-37j5jr r-a023e6 r-16dba41 r-rjixqe r-bcqeeo r-bnwqim r-qvutc0"" data-testid=""tweetText"" dir=""auto"" id=""id__9lk8ob6kq2d"" lang=""in""><span class=""css-901oao css-16my406 r-poiln3 r-bcqeeo r-qvutc0"">Petang ini berada di pejabat untuk hadir ke satu mesyuarat berkaitan taklimat terperinci pecahan </span><span class=""css-901oao css-16my406 r-poiln3 r-b88u0q r-bcqeeo r-qvutc0"">Belanjawan</span><span class=""css-901oao css-16my406 r-poiln3 r-bcqeeo r-qvutc0""> Kementerian Kerja Raya </span><span class=""css-901oao css-16my406 r-poiln3 r-b88u0q r-bcqeeo r-qvutc0"">2023</span><span class=""css-901oao css-16my406 r-poiln3 r-bcqeeo r-qvutc0""> yang dibentangkan oleh Menteri Kewangan pada minggu lepas. 

</span><span class=""r-18u37iz""><a class=""css-4rbku5 css-18t94o4 css-901oao css-16my406 r-1cvl2hr r-1loqt21 r-poiln3 r-bcqeeo r-qvutc0"" dir=""ltr"" href=""/hashtag/abdulrahmanmohamad?src=hashtag_click"" role=""link"">#abdulrahmanmohamad</a></span><span class=""css-901oao css-16my406 r-poiln3 r-bcqeeo r-qvutc0"">
</span><span class=""r-18u37iz""><a class=""css-4rbku5 css-18t94o4 css-901oao css-16my406 r-1cvl2hr r-1loqt21 r-poiln3 r-bcqeeo r-qvutc0"" dir=""ltr"" href=""/hashtag/rahmanmohamad?src=hashtag_click"" role=""link"">#rahmanmohamad</a></span><span class=""css-901oao css-16my406 r-poiln3 r-bcqeeo r-qvutc0"">
</span><span class=""r-18u37iz""><a class=""css-4rbku5 css-18t94o4 css-901oao css-16my406 r-1cvl2hr r-1loqt21 r-poiln3 r-bcqeeo r-qvutc0"" dir=""ltr"" href=""/hashtag/tokman?src=hashtag_click"" role=""link"">#tokman</a></span><span class=""css-901oao css-16my406 r-poiln3 r-bcqeeo r-qvutc0"">
</span><span class=""r-18u37iz""><a class=""css-4rbku5 css-18t94o4 css-901oao css-16my406 r-1cvl2hr r-1loqt21 r-poiln3 r-bcqeeo r-qvutc0"" dir=""ltr"" href=""/hashtag/DSARM?src=hashtag_click"" role=""link"">#DSARM</a></span><span class=""css-901oao css-16my406 r-poiln3 r-bcqeeo r-qvutc0"">
</span><span class=""r-18u37iz""><a class=""css-4rbku5 css-18t94o4 css-901oao css-16my406 r-1cvl2hr r-1loqt21 r-poiln3 r-bcqeeo r-qvutc0"" dir=""ltr"" href=""/hashtag/tokman4mkt?src=hashtag_click"" role=""link"">#tokman4mkt</a></span><span class=""css-901oao css-16my406 r-poiln3 r-bcqeeo r-qvutc0"">
</span><span class=""r-18u37iz""><a class=""css-4rbku5 css-18t94o4 css-901oao css-16my406 r-1cvl2hr r-1loqt21 r-poiln3 r-bcqeeo r-qvutc0"" dir=""ltr"" href=""/hashtag/KementerianKerjaRaya?src=hashtag_click"" role=""link"">#KementerianKerjaRaya</a></span></div>"
Astro AWANI,@501Awani,"<div class=""css-901oao r-18jsvk2 r-37j5jr r-a023e6 r-16dba41 r-rjixqe r-bcqeeo r-bnwqim r-qvutc0"" data-testid=""tweetText"" dir=""auto"" id=""id__ib5jw8nftg"" lang=""in""><span class=""css-901oao css-16my406 r-poiln3 r-bcqeeo r-qvutc0"">Dalam pembentangan </span><span class=""css-901oao css-16my406 r-poiln3 r-b88u0q r-bcqeeo r-qvutc0"">Belanjawan</span><span class=""css-901oao css-16my406 r-poiln3 r-bcqeeo r-qvutc0""> </span><span class=""css-901oao css-16my406 r-poiln3 r-b88u0q r-bcqeeo r-qvutc0"">2023</span><span class=""css-901oao css-16my406 r-poiln3 r-bcqeeo r-qvutc0""> baru-baru ini antara yang disentuh mengenai kemandirian pengeluaran makanan tempatan melalui automasi dan pendigitalan. Bagaimana ia boleh direalisasikan? Dialog Poket Rakyat, Jumaat 8.30 malam

</span><span class=""r-18u37iz""><a class=""css-4rbku5 css-18t94o4 css-901oao css-16my406 r-1cvl2hr r-1loqt21 r-poiln3 r-bcqeeo r-qvutc0"" dir=""ltr"" href=""/hashtag/AWANInews?src=hashtag_click"" role=""link"">#AWANInews</a></span><span class=""css-901oao css-16my406 r-poiln3 r-bcqeeo r-qvutc0""> </span><span class=""r-18u37iz""><a class=""css-4rbku5 css-18t94o4 css-901oao css-16my406 r-1cvl2hr r-1loqt21 r-poiln3 r-bcqeeo r-qvutc0"" dir=""ltr"" href=""/hashtag/DialogPoketRakyat?src=hashtag_click"" role=""link"">#DialogPoketRakyat</a></span></div>"
Social Wellbeing Research Centre (SWRC),@SWRC_UM,"<div class=""css-901oao r-18jsvk2 r-37j5jr r-a023e6 r-16dba41 r-rjixqe r-bcqeeo r-bnwqim r-qvutc0"" data-testid=""tweetText"" dir=""auto"" id=""id__g2wai11s19"" lang=""en""><span class=""css-901oao css-16my406 r-poiln3 r-bcqeeo r-qvutc0"">""Reaksi </span><span class=""css-901oao css-16my406 r-poiln3 r-b88u0q r-bcqeeo r-qvutc0"">Belanjawan</span><span class=""css-901oao css-16my406 r-poiln3 r-bcqeeo r-qvutc0""> </span><span class=""css-901oao css-16my406 r-poiln3 r-b88u0q r-bcqeeo r-qvutc0"">2023</span><span class=""css-901oao css-16my406 r-poiln3 r-bcqeeo r-qvutc0"">: GIG Ekonomi"" by SWRC Senior Research Fellow Dr. Zulkiply Omar. 
Please watch the recorded live video at </span><a class=""css-4rbku5 css-18t94o4 css-901oao css-16my406 r-1cvl2hr r-1loqt21 r-poiln3 r-bcqeeo r-qvutc0"" dir=""ltr"" href=""https://t.co/ATughWTeiA"" rel=""noopener noreferrer nofollow"" role=""link"" target=""_blank""><span aria-hidden=""true"" class=""css-901oao css-16my406 r-poiln3 r-hiw28u r-qvk6io r-bcqeeo r-qvutc0"">https://</span>fb.watch/j1pJBj3Igq/</a></div>"
Berita Baik,@BeritaBaik_BBN,"<div class=""css-901oao r-18jsvk2 r-37j5jr r-a023e6 r-16dba41 r-rjixqe r-bcqeeo r-bnwqim r-qvutc0"" data-testid=""tweetText"" dir=""auto"" id=""id__sfluy5at3l"" lang=""in""><span class=""css-901oao css-16my406 r-poiln3 r-bcqeeo r-qvutc0"">Invest Malaysia </span><span class=""css-901oao css-16my406 r-poiln3 r-b88u0q r-bcqeeo r-qvutc0"">2023</span><span class=""css-901oao css-16my406 r-poiln3 r-bcqeeo r-qvutc0""> bincang pendekatan strategik¬†</span><span class=""css-901oao css-16my406 r-poiln3 r-b88u0q r-bcqeeo r-qvutc0"">belanjawan</span></div>"
SME Bank,@SME_Bank,"<div class=""css-901oao r-18jsvk2 r-37j5jr r-a023e6 r-16dba41 r-rjixqe r-bcqeeo r-bnwqim r-qvutc0"" data-testid=""tweetText"" dir=""auto"" id=""id__2vjc1irxmtj"" lang=""en""><span class=""css-901oao css-16my406 r-poiln3 r-bcqeeo r-qvutc0"">SME Bank to empower social enterprise, ESG adoption among MSMEs.

Full article - </span><a class=""css-4rbku5 css-18t94o4 css-901oao css-16my406 r-1cvl2hr r-1loqt21 r-poiln3 r-bcqeeo r-qvutc0"" dir=""ltr"" href=""https://t.co/CmRt4f0ASd"" rel=""noopener noreferrer nofollow"" role=""link"" target=""_blank""><span aria-hidden=""true"" class=""css-901oao css-16my406 r-poiln3 r-hiw28u r-qvk6io r-bcqeeo r-qvutc0"">https://</span>theedgemarkets.com/node/657559</a><span class=""css-901oao css-16my406 r-poiln3 r-bcqeeo r-qvutc0"">
</span><div class=""css-1dbjc4n r-xoduu5""><span class=""r-18u37iz""><a class=""css-4rbku5 css-18t94o4 css-901oao css-16my406 r-1cvl2hr r-1loqt21 r-poiln3 r-bcqeeo r-qvutc0"" dir=""ltr"" href=""/CEDARSMEBank"" role=""link"">@CEDARSMEBank</a></span></div><span class=""css-901oao css-16my406 r-poiln3 r-bcqeeo r-qvutc0"">
</span><span class=""r-18u37iz""><a class=""css-4rbku5 css-18t94o4 css-901oao css-16my406 r-1cvl2hr r-1loqt21 r-poiln3 r-bcqeeo r-qvutc0"" dir=""ltr"" href=""/hashtag/SMEBank?src=hashtag_click"" role=""link"">#SMEBank</a></span><span class=""css-901oao css-16my406 r-poiln3 r-bcqeeo r-qvutc0"">
</span><span class=""r-18u37iz""><a class=""css-4rbku5 css-18t94o4 css-901oao css-16my406 r-1cvl2hr r-1loqt21 r-poiln3 r-bcqeeo r-qvutc0"" dir=""ltr"" href=""/hashtag/beyondfinancing?src=hashtag_click"" role=""link"">#beyondfinancing</a></span><span class=""css-901oao css-16my406 r-poiln3 r-bcqeeo r-qvutc0"">
</span><span class=""r-18u37iz""><a class=""css-4rbku5 css-18t94o4 css-901oao css-16my406 r-1cvl2hr r-1loqt21 r-poiln3 r-b88u0q r-bcqeeo r-qvutc0"" dir=""ltr"" href=""/hashtag/Belanjawan2023?src=hashtag_click"" role=""link"">#Belanjawan2023</a></span><span class=""css-901oao css-16my406 r-poiln3 r-b88u0q r-bcqeeo r-qvutc0""></span><span class=""css-901oao css-16my406 r-poiln3 r-bcqeeo r-qvutc0"">
</span><span class=""r-18u37iz""><a class=""css-4rbku5 css-18t94o4 css-901oao css-16my406 r-1cvl2hr r-1loqt21 r-poiln3 r-bcqeeo r-qvutc0"" dir=""ltr"" href=""/hashtag/BelanjawanRakyat?src=hashtag_click"" role=""link"">#BelanjawanRakyat</a></span><span class=""css-901oao css-16my406 r-poiln3 r-bcqeeo r-qvutc0"">
</span><span class=""r-18u37iz""><a class=""css-4rbku5 css-18t94o4 css-901oao css-16my406 r-1cvl2hr r-1loqt21 r-poiln3 r-bcqeeo r-qvutc0"" dir=""ltr"" href=""/hashtag/EkonomiManusiawi?src=hashtag_click"" role=""link"">#EkonomiManusiawi</a></span><span class=""css-901oao css-16my406 r-poiln3 r-bcqeeo r-qvutc0"">
</span><span class=""r-18u37iz""><a class=""css-4rbku5 css-18t94o4 css-901oao css-16my406 r-1cvl2hr r-1loqt21 r-poiln3 r-bcqeeo r-qvutc0"" dir=""ltr"" href=""/hashtag/MalaysiaMADANI?src=hashtag_click"" role=""link"">#MalaysiaMADANI</a></span><span class=""css-901oao css-16my406 r-poiln3 r-bcqeeo r-qvutc0"">
</span><span class=""r-18u37iz""><a class=""css-4rbku5 css-18t94o4 css-901oao css-16my406 r-1cvl2hr r-1loqt21 r-poiln3 r-bcqeeo r-qvutc0"" dir=""ltr"" href=""/hashtag/BelanjawanHarapan?src=hashtag_click"" role=""link"">#BelanjawanHarapan</a></span></div>"
Blank ,@talikecapi,"<div class=""css-901oao r-18jsvk2 r-37j5jr r-a023e6 r-16dba41 r-rjixqe r-bcqeeo r-bnwqim r-qvutc0"" data-testid=""tweetText"" dir=""auto"" id=""id__tici0rceb9"" lang=""in""><span class=""css-901oao css-16my406 r-poiln3 r-bcqeeo r-qvutc0"">Sign mou la‚Ä¶ Akan sokong sebulah suara </span><span class=""css-901oao css-16my406 r-poiln3 r-b88u0q r-bcqeeo r-qvutc0"">belanjawan</span><span class=""css-901oao css-16my406 r-poiln3 r-bcqeeo r-qvutc0""> </span><span class=""css-901oao css-16my406 r-poiln3 r-b88u0q r-bcqeeo r-qvutc0"">2023</span><span class=""css-901oao css-16my406 r-poiln3 r-bcqeeo r-qvutc0"">, 2024, 2025, 2026, 2027</span></div>"
KELANTANfm,@KelantanfmRtm,"<div class=""css-901oao r-18jsvk2 r-37j5jr r-a023e6 r-16dba41 r-rjixqe r-bcqeeo r-bnwqim r-qvutc0"" data-testid=""tweetText"" dir=""auto"" id=""id__z5fl1wqdpdi"" lang=""in""><span class=""css-901oao css-16my406 r-poiln3 r-b88u0q r-bcqeeo r-qvutc0"">Belanjawan</span><span class=""css-901oao css-16my406 r-poiln3 r-bcqeeo r-qvutc0""> </span><span class=""css-901oao css-16my406 r-poiln3 r-b88u0q r-bcqeeo r-qvutc0"">2023</span><span class=""css-901oao css-16my406 r-poiln3 r-bcqeeo r-qvutc0""> merupakan langkah pertama yang menelusuri kerangka Pembangunan Malaysia MADANI. </span><span class=""css-901oao css-16my406 r-poiln3 r-b88u0q r-bcqeeo r-qvutc0"">Belanjawan</span><span class=""css-901oao css-16my406 r-poiln3 r-bcqeeo r-qvutc0""> </span><span class=""css-901oao css-16my406 r-poiln3 r-b88u0q r-bcqeeo r-qvutc0"">2023</span><span class=""css-901oao css-16my406 r-poiln3 r-bcqeeo r-qvutc0""> menumpukan kepada 12 ikhtiar utama berlandaskan tiga tekad.

</span><span class=""r-18u37iz""><a class=""css-4rbku5 css-18t94o4 css-901oao css-16my406 r-1cvl2hr r-1loqt21 r-poiln3 r-bcqeeo r-qvutc0"" dir=""ltr"" href=""/hashtag/KELANTANfm?src=hashtag_click"" role=""link"">#KELANTANfm</a></span><span class=""css-901oao css-16my406 r-poiln3 r-bcqeeo r-qvutc0"">
</span><span class=""r-18u37iz""><a class=""css-4rbku5 css-18t94o4 css-901oao css-16my406 r-1cvl2hr r-1loqt21 r-poiln3 r-bcqeeo r-qvutc0"" dir=""ltr"" href=""/hashtag/PenuhiCitaRasaAnda?src=hashtag_click"" role=""link"">#PenuhiCitaRasaAnda</a></span><span class=""css-901oao css-16my406 r-poiln3 r-bcqeeo r-qvutc0"">
</span><span class=""r-18u37iz""><a class=""css-4rbku5 css-18t94o4 css-901oao css-16my406 r-1cvl2hr r-1loqt21 r-poiln3 r-bcqeeo r-qvutc0"" dir=""ltr"" href=""/hashtag/yangsahihhanyadiRTM?src=hashtag_click"" role=""link"">#yangsahihhanyadiRTM</a></span><span class=""css-901oao css-16my406 r-poiln3 r-bcqeeo r-qvutc0"">
</span><span class=""r-18u37iz""><a class=""css-4rbku5 css-18t94o4 css-901oao css-16my406 r-1cvl2hr r-1loqt21 r-poiln3 r-bcqeeo r-qvutc0"" dir=""ltr"" href=""/hashtag/MalaysiaMadani?src=hashtag_click"" role=""link"">#MalaysiaMadani</a></span></div>"
Kem. Sumber Manusia,@myksm,"<div class=""css-901oao r-18jsvk2 r-37j5jr r-a023e6 r-16dba41 r-rjixqe r-bcqeeo r-bnwqim r-qvutc0"" data-testid=""tweetText"" dir=""auto"" id=""id__09wxpg9zc7qk"" lang=""in""><span class=""css-901oao css-16my406 r-poiln3 r-b88u0q r-bcqeeo r-qvutc0"">Belanjawan</span><span class=""css-901oao css-16my406 r-poiln3 r-bcqeeo r-qvutc0""> Madani </span><span class=""css-901oao css-16my406 r-poiln3 r-b88u0q r-bcqeeo r-qvutc0"">2023</span><span class=""css-901oao css-16my406 r-poiln3 r-bcqeeo r-qvutc0""> Kementerian Sumber Manusia

Antara inisiatif Kerajaan kepada rakyat Malaysia Madani :-

- TVET dipacu industri
- Galakan pekerjaan dengan pendapatan setimpal
- Meningkatkan keupayaan dan kemahiran

</span><span class=""r-18u37iz""><a class=""css-4rbku5 css-18t94o4 css-901oao css-16my406 r-1cvl2hr r-1loqt21 r-poiln3 r-bcqeeo r-qvutc0"" dir=""ltr"" href=""/hashtag/kementeriansumbermanusia?src=hashtag_click"" role=""link"">#kementeriansumbermanusia</a></span><span class=""css-901oao css-16my406 r-poiln3 r-bcqeeo r-qvutc0"">
</span><span class=""r-18u37iz""><a class=""css-4rbku5 css-18t94o4 css-901oao css-16my406 r-1cvl2hr r-1loqt21 r-poiln3 r-bcqeeo r-qvutc0"" dir=""ltr"" href=""/hashtag/MalaysiaMADANI?src=hashtag_click"" role=""link"">#MalaysiaMADANI</a></span></div>"
PTPK ,@PTPK_Official,"<div class=""css-901oao r-18jsvk2 r-37j5jr r-a023e6 r-16dba41 r-rjixqe r-bcqeeo r-bnwqim r-qvutc0"" data-testid=""tweetText"" dir=""auto"" id=""id__q224dv2658f"" lang=""in""><span class=""css-901oao css-16my406 r-poiln3 r-bcqeeo r-qvutc0"">APAKAH YANG ANDA PERLU TAHU BERKAITAN PEMERKASAAN TVET SEMASA PEMBENTANGAN </span><span class=""css-901oao css-16my406 r-poiln3 r-b88u0q r-bcqeeo r-qvutc0"">BELANJAWAN</span><span class=""css-901oao css-16my406 r-poiln3 r-bcqeeo r-qvutc0""> </span><span class=""css-901oao css-16my406 r-poiln3 r-b88u0q r-bcqeeo r-qvutc0"">2023</span><span class=""css-901oao css-16my406 r-poiln3 r-bcqeeo r-qvutc0""> YANG LALU?</span></div>"
KPKT,@kpkt_gov,"<div class=""css-901oao r-18jsvk2 r-37j5jr r-a023e6 r-16dba41 r-rjixqe r-bcqeeo r-bnwqim r-qvutc0"" data-testid=""tweetText"" dir=""auto"" id=""id__z24s4rembte"" lang=""in""><span class=""css-901oao css-16my406 r-poiln3 r-bcqeeo r-qvutc0"">BICARA NARATIF : BAJET KPKT </span><span class=""css-901oao css-16my406 r-poiln3 r-b88u0q r-bcqeeo r-qvutc0"">2023</span><span class=""css-901oao css-16my406 r-poiln3 r-bcqeeo r-qvutc0""> MENSEJAHTERA RAKYAT
KPKT menyambut baik pembentangan </span><span class=""css-901oao css-16my406 r-poiln3 r-b88u0q r-bcqeeo r-qvutc0"">Belanjawan</span><span class=""css-901oao css-16my406 r-poiln3 r-bcqeeo r-qvutc0"">  yang dilihat baik untuk kesejahteraan rakyat. Ia menyaksikan satu pelan hala tuju Kerajaan yang strategik sekali gus memperkasa agenda Malaysia MADANI
</span><span class=""r-18u37iz""><a class=""css-4rbku5 css-18t94o4 css-901oao css-16my406 r-1cvl2hr r-1loqt21 r-poiln3 r-bcqeeo r-qvutc0"" dir=""ltr"" href=""/hashtag/MalaysiaMadani?src=hashtag_click"" role=""link"">#MalaysiaMadani</a></span><span class=""css-901oao css-16my406 r-poiln3 r-bcqeeo r-qvutc0""> </span><span class=""r-18u37iz""><a class=""css-4rbku5 css-18t94o4 css-901oao css-16my406 r-1cvl2hr r-1loqt21 r-poiln3 r-b88u0q r-bcqeeo r-qvutc0"" dir=""ltr"" href=""/hashtag/Belanjawan2023?src=hashtag_click"" role=""link"">#Belanjawan2023</a></span></div>"
Media Komunikasi Nasional,@mykomnasional,"<div class=""css-901oao r-18jsvk2 r-37j5jr r-a023e6 r-16dba41 r-rjixqe r-bcqeeo r-bnwqim r-qvutc0"" data-testid=""tweetText"" dir=""auto"" id=""id__9a0ynxmvvpr"" lang=""in""><span class=""css-901oao css-16my406 r-poiln3 r-b88u0q r-bcqeeo r-qvutc0"">Belanjawan</span><span class=""css-901oao css-16my406 r-poiln3 r-bcqeeo r-qvutc0""> </span><span class=""css-901oao css-16my406 r-poiln3 r-b88u0q r-bcqeeo r-qvutc0"">2023</span><span class=""css-901oao css-16my406 r-poiln3 r-bcqeeo r-qvutc0""> : Memperkasakan KPKT dengan dana RM5.3 billion - Menteri KPKT

Full :
</span><a class=""css-4rbku5 css-18t94o4 css-901oao css-16my406 r-1cvl2hr r-1loqt21 r-poiln3 r-bcqeeo r-qvutc0"" dir=""ltr"" href=""https://t.co/aqKj2zyPwf"" rel=""noopener noreferrer nofollow"" role=""link"" target=""_blank""><span aria-hidden=""true"" class=""css-901oao css-16my406 r-poiln3 r-hiw28u r-qvk6io r-bcqeeo r-qvutc0"">https://</span>vt.tiktok.com/ZS8x2HeVC/</a><span class=""css-901oao css-16my406 r-poiln3 r-bcqeeo r-qvutc0"">
</span><a class=""css-4rbku5 css-18t94o4 css-901oao css-16my406 r-1cvl2hr r-1loqt21 r-poiln3 r-bcqeeo r-qvutc0"" dir=""ltr"" href=""https://t.co/0Zj5uD5Qft"" rel=""noopener noreferrer nofollow"" role=""link"" target=""_blank""><span aria-hidden=""true"" class=""css-901oao css-16my406 r-poiln3 r-hiw28u r-qvk6io r-bcqeeo r-qvutc0"">https://</span>youtu.be/cmwa4iYhjOw</a><span class=""css-901oao css-16my406 r-poiln3 r-bcqeeo r-qvutc0"">
</span><div class=""css-1dbjc4n r-xoduu5""><span class=""r-18u37iz""><a class=""css-4rbku5 css-18t94o4 css-901oao css-16my406 r-1cvl2hr r-1loqt21 r-poiln3 r-bcqeeo r-qvutc0"" dir=""ltr"" href=""/NgaKorMing"" role=""link"">@NgaKorMing</a></span></div></div>"
Excel Easy,@ExcelEasy,"<div class=""css-901oao r-18jsvk2 r-37j5jr r-a023e6 r-16dba41 r-rjixqe r-bcqeeo r-bnwqim r-qvutc0"" data-testid=""tweetText"" dir=""auto"" id=""id__xgtqaanylc"" lang=""en""><span class=""css-901oao css-16my406 r-poiln3 r-bcqeeo r-qvutc0"">Learn how to use </span><span class=""r-18u37iz""><a class=""css-4rbku5 css-18t94o4 css-901oao css-16my406 r-1cvl2hr r-1loqt21 r-poiln3 r-bcqeeo r-qvutc0"" dir=""ltr"" href=""/hashtag/Excel?src=hashtag_click"" role=""link"">#Excel</a></span><span class=""css-901oao css-16my406 r-poiln3 r-bcqeeo r-qvutc0"">. 100% free.</span></div>"
JapenPhg,@JapenPahang,"<div class=""css-901oao r-18jsvk2 r-37j5jr r-a023e6 r-16dba41 r-rjixqe r-bcqeeo r-bnwqim r-qvutc0"" data-testid=""tweetText"" dir=""auto"" id=""id__z530pp3zzfm"" lang=""in""><span class=""css-901oao css-16my406 r-poiln3 r-bcqeeo r-qvutc0"">7 INTIPATI | INISIATIF KKD | </span><span class=""css-901oao css-16my406 r-poiln3 r-b88u0q r-bcqeeo r-qvutc0"">BELANJAWAN</span><span class=""css-901oao css-16my406 r-poiln3 r-bcqeeo r-qvutc0""> </span><span class=""css-901oao css-16my406 r-poiln3 r-b88u0q r-bcqeeo r-qvutc0"">2023</span><span class=""css-901oao css-16my406 r-poiln3 r-bcqeeo r-qvutc0"">.

Ketahui intipati Kementerian Komunikasi Dan Digital di bawah </span><span class=""css-901oao css-16my406 r-poiln3 r-b88u0q r-bcqeeo r-qvutc0"">Belanjawan</span><span class=""css-901oao css-16my406 r-poiln3 r-bcqeeo r-qvutc0""> </span><span class=""css-901oao css-16my406 r-poiln3 r-b88u0q r-bcqeeo r-qvutc0"">2023</span><span class=""css-901oao css-16my406 r-poiln3 r-bcqeeo r-qvutc0""> dengan lebih jelas.

</span><span class=""r-18u37iz""><a class=""css-4rbku5 css-18t94o4 css-901oao css-16my406 r-1cvl2hr r-1loqt21 r-poiln3 r-bcqeeo r-qvutc0"" dir=""ltr"" href=""/hashtag/KKD?src=hashtag_click"" role=""link"">#KKD</a></span><span class=""css-901oao css-16my406 r-poiln3 r-bcqeeo r-qvutc0"">
</span><span class=""r-18u37iz""><a class=""css-4rbku5 css-18t94o4 css-901oao css-16my406 r-1cvl2hr r-1loqt21 r-poiln3 r-b88u0q r-bcqeeo r-qvutc0"" dir=""ltr"" href=""/hashtag/Belanjawan2023?src=hashtag_click"" role=""link"">#Belanjawan2023</a></span><span class=""css-901oao css-16my406 r-poiln3 r-b88u0q r-bcqeeo r-qvutc0""></span><span class=""css-901oao css-16my406 r-poiln3 r-bcqeeo r-qvutc0"">
</span><span class=""r-18u37iz""><a class=""css-4rbku5 css-18t94o4 css-901oao css-16my406 r-1cvl2hr r-1loqt21 r-poiln3 r-bcqeeo r-qvutc0"" dir=""ltr"" href=""/hashtag/MalaysiaMADANI?src=hashtag_click"" role=""link"">#MalaysiaMADANI</a></span><span class=""css-901oao css-16my406 r-poiln3 r-bcqeeo r-qvutc0"">
</span><span class=""r-18u37iz""><a class=""css-4rbku5 css-18t94o4 css-901oao css-16my406 r-1cvl2hr r-1loqt21 r-poiln3 r-bcqeeo r-qvutc0"" dir=""ltr"" href=""/hashtag/JabatanPenerangan?src=hashtag_click"" role=""link"">#JabatanPenerangan</a></span></div>"
Farrah Azureen,@AzureenFarrah,"<div class=""css-901oao r-18jsvk2 r-37j5jr r-a023e6 r-16dba41 r-rjixqe r-bcqeeo r-bnwqim r-qvutc0"" data-testid=""tweetText"" dir=""auto"" id=""id__b2sncteevqe"" lang=""in""><span class=""css-901oao css-16my406 r-poiln3 r-bcqeeo r-qvutc0"">bagus jugak </span><span class=""css-901oao css-16my406 r-poiln3 r-b88u0q r-bcqeeo r-qvutc0"">Belanjawan</span><span class=""css-901oao css-16my406 r-poiln3 r-bcqeeo r-qvutc0""> </span><span class=""css-901oao css-16my406 r-poiln3 r-b88u0q r-bcqeeo r-qvutc0"">2023</span><span class=""css-901oao css-16my406 r-poiln3 r-bcqeeo r-qvutc0""> untuk belia ni... sangat2 berguna dan memerlukan untuk kemudahan pada zaman skrng ni..</span></div>"
Institut Masa Depan Malaysia,@institutmasa,"<div class=""css-901oao r-18jsvk2 r-37j5jr r-a023e6 r-16dba41 r-rjixqe r-bcqeeo r-bnwqim r-qvutc0"" data-testid=""tweetText"" dir=""auto"" id=""id__q8f57u9zk8"" lang=""in""><span class=""css-901oao css-16my406 r-poiln3 r-bcqeeo r-qvutc0"">Berikut adalah petikan daripada Puan Nur Syahidah Abdul Jalil, Felo Pusat Kajian Ekonomi dan Kemasyarakatan (EMAS), IKIM (</span><div class=""css-1dbjc4n r-xoduu5""><span class=""r-18u37iz""><a class=""css-4rbku5 css-18t94o4 css-901oao css-16my406 r-1cvl2hr r-1loqt21 r-poiln3 r-bcqeeo r-qvutc0"" dir=""ltr"" href=""/myikim"" role=""link"">@myikim</a></span></div><span class=""css-901oao css-16my406 r-poiln3 r-bcqeeo r-qvutc0"">) pada sesi Webinar Isu Ekonomi Semasa bersempena </span><span class=""css-901oao css-16my406 r-poiln3 r-b88u0q r-bcqeeo r-qvutc0"">Belanjawan</span><span class=""css-901oao css-16my406 r-poiln3 r-bcqeeo r-qvutc0""> </span><span class=""css-901oao css-16my406 r-poiln3 r-b88u0q r-bcqeeo r-qvutc0"">2023</span><span class=""css-901oao css-16my406 r-poiln3 r-bcqeeo r-qvutc0"">.

</span><span class=""r-18u37iz""><a class=""css-4rbku5 css-18t94o4 css-901oao css-16my406 r-1cvl2hr r-1loqt21 r-poiln3 r-bcqeeo r-qvutc0"" dir=""ltr"" href=""/hashtag/MASA?src=hashtag_click"" role=""link"">#MASA</a></span><span class=""css-901oao css-16my406 r-poiln3 r-bcqeeo r-qvutc0"">
</span><span class=""r-18u37iz""><a class=""css-4rbku5 css-18t94o4 css-901oao css-16my406 r-1cvl2hr r-1loqt21 r-poiln3 r-bcqeeo r-qvutc0"" dir=""ltr"" href=""/hashtag/MakmurBersama?src=hashtag_click"" role=""link"">#MakmurBersama</a></span><span class=""css-901oao css-16my406 r-poiln3 r-bcqeeo r-qvutc0"">
</span><span class=""r-18u37iz""><a class=""css-4rbku5 css-18t94o4 css-901oao css-16my406 r-1cvl2hr r-1loqt21 r-poiln3 r-bcqeeo r-qvutc0"" dir=""ltr"" href=""/hashtag/MASAuntukMakmurBersama?src=hashtag_click"" role=""link"">#MASAuntukMakmurBersama</a></span><span class=""css-901oao css-16my406 r-poiln3 r-bcqeeo r-qvutc0"">
</span><span class=""r-18u37iz""><a class=""css-4rbku5 css-18t94o4 css-901oao css-16my406 r-1cvl2hr r-1loqt21 r-poiln3 r-b88u0q r-bcqeeo r-qvutc0"" dir=""ltr"" href=""/hashtag/Belanjawan2023?src=hashtag_click"" role=""link"">#Belanjawan2023</a></span></div>"
JapenPhg,@JapenPahang,"<div class=""css-901oao r-18jsvk2 r-37j5jr r-a023e6 r-16dba41 r-rjixqe r-bcqeeo r-bnwqim r-qvutc0"" data-testid=""tweetText"" dir=""auto"" id=""id__kv8n1lnfbt9"" lang=""in""><span class=""css-901oao css-16my406 r-poiln3 r-bcqeeo r-qvutc0"">MENJAMIN KESEJAHTERAAN | MALAYSIA MADANI

</span><span class=""css-901oao css-16my406 r-poiln3 r-b88u0q r-bcqeeo r-qvutc0"">Belanjawan</span><span class=""css-901oao css-16my406 r-poiln3 r-bcqeeo r-qvutc0""> </span><span class=""css-901oao css-16my406 r-poiln3 r-b88u0q r-bcqeeo r-qvutc0"">2023</span><span class=""css-901oao css-16my406 r-poiln3 r-bcqeeo r-qvutc0""> ialah cerminan prinsip pertanggungjawaban dan sistem nilai yang luhur yang mampu mendepani tantangan semasa.

</span><span class=""r-18u37iz""><a class=""css-4rbku5 css-18t94o4 css-901oao css-16my406 r-1cvl2hr r-1loqt21 r-poiln3 r-b88u0q r-bcqeeo r-qvutc0"" dir=""ltr"" href=""/hashtag/Belanjawan2023?src=hashtag_click"" role=""link"">#Belanjawan2023</a></span><span class=""css-901oao css-16my406 r-poiln3 r-b88u0q r-bcqeeo r-qvutc0""></span><span class=""css-901oao css-16my406 r-poiln3 r-bcqeeo r-qvutc0"">
</span><span class=""r-18u37iz""><a class=""css-4rbku5 css-18t94o4 css-901oao css-16my406 r-1cvl2hr r-1loqt21 r-poiln3 r-bcqeeo r-qvutc0"" dir=""ltr"" href=""/hashtag/MalaysiaMADANI?src=hashtag_click"" role=""link"">#MalaysiaMADANI</a></span><span class=""css-901oao css-16my406 r-poiln3 r-bcqeeo r-qvutc0"">
</span><span class=""r-18u37iz""><a class=""css-4rbku5 css-18t94o4 css-901oao css-16my406 r-1cvl2hr r-1loqt21 r-poiln3 r-bcqeeo r-qvutc0"" dir=""ltr"" href=""/hashtag/JabatanPenerangan?src=hashtag_click"" role=""link"">#JabatanPenerangan</a></span><span class=""css-901oao css-16my406 r-poiln3 r-bcqeeo r-qvutc0"">

@anwaribrahim_my </span><div class=""css-1dbjc4n r-xoduu5""><span class=""r-18u37iz""><a class=""css-4rbku5 css-18t94o4 css-901oao css-16my406 r-1cvl2hr r-1loqt21 r-poiln3 r-bcqeeo r-qvutc0"" dir=""ltr"" href=""/fahmifadzil"" role=""link"">@fahmifadzil</a></span></div><span class=""css-901oao css-16my406 r-poiln3 r-bcqeeo r-qvutc0"">.1</span></div>"
Media Komunikasi Nasional,@mykomnasional,"<div class=""css-901oao r-18jsvk2 r-37j5jr r-a023e6 r-16dba41 r-rjixqe r-bcqeeo r-bnwqim r-qvutc0"" data-testid=""tweetText"" dir=""auto"" id=""id__gt98tejzzg5"" lang=""in""><span class=""css-901oao css-16my406 r-poiln3 r-bcqeeo r-qvutc0"">KPDN sedia pertimbang adakan insentif untuk peniaga berdasarkan </span><span class=""css-901oao css-16my406 r-poiln3 r-b88u0q r-bcqeeo r-qvutc0"">Belanjawan</span><span class=""css-901oao css-16my406 r-poiln3 r-bcqeeo r-qvutc0""> </span><span class=""css-901oao css-16my406 r-poiln3 r-b88u0q r-bcqeeo r-qvutc0"">2023</span><span class=""css-901oao css-16my406 r-poiln3 r-bcqeeo r-qvutc0"">, kerjasama melalui MiTi Malaysia - Salehuddin Ayub.

</span><div class=""css-1dbjc4n r-xoduu5""><span class=""r-18u37iz""><a class=""css-4rbku5 css-18t94o4 css-901oao css-16my406 r-1cvl2hr r-1loqt21 r-poiln3 r-bcqeeo r-qvutc0"" dir=""ltr"" href=""/MyDSA_official"" role=""link"">@MyDSA_official</a></span></div></div>"
SiswaPAS_Selangor,@SiswaPAS_Sel,"<div class=""css-901oao r-18jsvk2 r-37j5jr r-a023e6 r-16dba41 r-rjixqe r-bcqeeo r-bnwqim r-qvutc0"" data-testid=""tweetText"" dir=""auto"" id=""id__torxt59ookl"" lang=""in""><span class=""css-901oao css-16my406 r-poiln3 r-b88u0q r-bcqeeo r-qvutc0"">BELANJAWAN</span><span class=""css-901oao css-16my406 r-poiln3 r-bcqeeo r-qvutc0""> </span><span class=""css-901oao css-16my406 r-poiln3 r-b88u0q r-bcqeeo r-qvutc0"">2023</span><span class=""css-901oao css-16my406 r-poiln3 r-bcqeeo r-qvutc0"">: DIMANA MAHASISWA?

BACA SELANJUTNYA:

</span><a class=""css-4rbku5 css-18t94o4 css-901oao css-16my406 r-1cvl2hr r-1loqt21 r-poiln3 r-bcqeeo r-qvutc0"" dir=""ltr"" href=""https://t.co/H0ck9R2XYS"" rel=""noopener noreferrer nofollow"" role=""link"" target=""_blank""><span aria-hidden=""true"" class=""css-901oao css-16my406 r-poiln3 r-hiw28u r-qvk6io r-bcqeeo r-qvutc0"">https://</span>m.facebook.com/story.php?stor<span aria-hidden=""true"" class=""css-901oao css-16my406 r-poiln3 r-hiw28u r-qvk6io r-bcqeeo r-qvutc0"">y_fbid=pfbid02d5nzDFbcxxp9jhorenWK4mAwG1DBxfSbE6pjmszNRxK5hvpK1SiQDgC3WKzi7xhpl&amp;id=100068857404706&amp;mibextid=Nif5oz</span><span aria-hidden=""true"" class=""css-901oao css-16my406 r-poiln3 r-bcqeeo r-lrvibr r-qvutc0"">‚Ä¶</span></a></div>"
