tiktok_link,tiktok_description,tiktok_title,tiktok_hashtag,Username
https://www.tiktok.com/@jomtravel_/video/7164293556922780954,Pakej baru geng. Koh lipe onğŸ˜ #fyp  #jomtravel  #murah  #berbaloi  #pakejmurah  #pakejberbaloi  #pakejjomtravel  #jauharasiavacation  #kohlipe  #kohlipeislandğŸï¸ğŸ‡¹ğŸ‡­  #kohlipeisland  #pakbara  #pakbarabeach  #fyppppppppppppppppppppppp  ,Pakej baru geng. Koh lipe onğŸ˜ ğŸï¸ğŸ‡¹ğŸ‡­,#fyp #jomtravel #murah #berbaloi #pakejmurah #pakejberbaloi #pakejjomtravel #jauharasiavacation #kohlipe #kohlipeisland #kohlipeisland #pakbara #pakbarabeach #fyppppppppppppppppppppppp,jomtravel_
https://www.tiktok.com/@gothai.my/video/7146597131531406619,Replying to @Rumadeeba  How to get to Koh Lipe #gothai  #gothaimy  #traveltiktok  #traveltok  #travelthailand  #explorethailand  #satun  #pakbara  #kohlipe  #maldivesofthailand  ,Replying to @RumadeebaHow to get to Koh Lipe ,#gothai #gothaimy #traveltiktok #traveltok #travelthailand #explorethailand #satun #pakbara #kohlipe #maldivesofthailand,gothai.my
https://www.tiktok.com/@nzrfhzln/video/7123910522021350683,Koh Lipe Day 2&3 Itinerary #thailandğŸ‡¹ğŸ‡­  #travelbudget  #backpack  #kohlipe  #fyp  #selfhealing ,Koh Lipe Day 2&3 Itinerary ğŸ‡¹ğŸ‡­ ,#thailand #travelbudget #backpack #kohlipe #fyp #selfhealing,nzrfhzln
https://www.tiktok.com/@ajxxdmuslimin/video/7188007140030827803,Replying to @9  Part 3 : Koh Lipe  #kohlipe  #kohlipeislandğŸï¸ğŸ‡¹ğŸ‡­  #island  #thailand  #thailandğŸ‡¹ğŸ‡­  ,Replying to @9Part 3 : Koh LipeğŸï¸ğŸ‡¹ğŸ‡­ğŸ‡¹ğŸ‡­,#kohlipe #kohlipeisland #island #thailand #thailand,ajxxdmuslimin
https://www.tiktok.com/@ahmadtahbranni/video/7145723878248172827,Koh Lipe Thailand. CantiknyaaaağŸ˜ #fyp  #tiktokmalaysia  #kohlipe  #thailand  #fypã‚·  #tiktokthailand  ,Koh Lipe Thailand. CantiknyaaaağŸ˜ ã‚·,#fyp #tiktokmalaysia #kohlipe #thailand #fyp #tiktokthailand,ahmadtahbranni
https://www.tiktok.com/@farahyousoff/video/7172070033462529306,Replying to @vyntsh  mcm ni process perjalanan dari Langkawi ke Maldives of Thailand gitewwğŸâœ¨ğŸ’•  #kohlipe  #kohlipeislandğŸï¸ğŸ‡¹ğŸ‡­  #kohlipethailand  #thailand  #langkawi  #thingstodoinlangkawi  ,Replying to @vyntshmcm ni process perjalanan dari Langkawi ke Maldives of Thailand gitewwğŸâœ¨ğŸ’•ğŸï¸ğŸ‡¹ğŸ‡­,#kohlipe #kohlipeisland #kohlipethailand #thailand #langkawi #thingstodoinlangkawi,farahyousoff
https://www.tiktok.com/@gothai.my/video/7145105949844426010,Korang suka melancong ke Koh Lipe time season yg mana? Min suka low season ğŸ˜#gothai  #gothaimy  #traveltiktok  #traveltok  #travelthailand  #explorethailand  #kohlipe  #pattayabeach  ,Korang suka melancong ke Koh Lipe time season yg mana? Min suka low season ğŸ˜,#gothai #gothaimy #traveltiktok #traveltok #travelthailand #explorethailand #kohlipe #pattayabeach,gothai.my
https://www.tiktok.com/@thailand_adel/video/7185439327881596165,Koh Lipe â¤ï¸ Thailand ğŸ‡¹ğŸ‡­ . . #thailand  #thailandia  #thailande  #travelthailand  #thailandtravel  #kohlipe  #travelthailand2023  #travelblogger  #islandlife  ,Koh Lipe â¤ï¸ Thailand ğŸ‡¹ğŸ‡­ . . ,#thailand #thailandia #thailande #travelthailand #thailandtravel #kohlipe #travelthailand2023 #travelblogger #islandlife,thailand_adel
https://www.tiktok.com/@mijamiejoo/video/7168699857887104282,Replying to @Darlin  nak tanya apa lagi? Nanti Mija jawab ğŸ«¶ğŸ» #kohlipeislandğŸï¸ğŸ‡¹ğŸ‡­  #langkawiisland  #traveltiktok  #travelbucketlist  #fypã‚·  ,Replying to @Darlinnak tanya apa lagi? Nanti Mija jawab ğŸ«¶ğŸ» ğŸï¸ğŸ‡¹ğŸ‡­ã‚·,#kohlipeisland #langkawiisland #traveltiktok #travelbucketlist #fyp,mijamiejoo
https://www.tiktok.com/@dul_thestory/video/7176093306340855066,à¸à¹‡à¸™à¸­à¸™ à¸‹à¸µà¸§à¸´à¸§ à¹„à¸›à¹€à¸¥à¸¢à¸ªà¸´à¸„à¸£à¸±à¸š ğŸ¥°ğŸï¸ğŸŒŠ #oceanpoolvilla  #kohlipe  #goodvibes  ,à¸à¹‡à¸™à¸­à¸™ à¸‹à¸µà¸§à¸´à¸§ à¹„à¸›à¹€à¸¥à¸¢à¸ªà¸´à¸„à¸£à¸±à¸š ğŸ¥°ğŸï¸ğŸŒŠ ,#oceanpoolvilla #kohlipe #goodvibes,dul_thestory
https://www.tiktok.com/@enekoboll/video/7177442893970410757,Arroz azul? ğŸ¤” #viajandosolo  #turismo  #budha  #Tailandia  #bangkok  #KohPhiPhi  #kohtao  #kohphangan  #kohsamui  #kohlipe  #krabi  #foodporn  #fullmoon  #foodporn  #nightmarket  #market  #thailand  #food ,Arroz azul? ğŸ¤”,#viajandosolo #turismo #budha #Tailandia #bangkok #KohPhiPhi #kohtao #kohphangan #kohsamui #kohlipe #krabi #foodporn #fullmoon #foodporn #nightmarket #market #thailand #food,enekoboll
https://www.tiktok.com/@_4zmanabdtalib/video/7178374145347013915,port biasa ikan berbeza ğŸ˜‚ğŸ˜‚ selalu lampam abahÂ² kalini leekoh oren naik .. mimggu lepas dia missed 2 kali tengah main putus kalini upgrade .. #fishhunter  #Leekoh  #AbuGarciaCardinal  #DaiwaJupiter  #TargetW4pe  #Asconfish  #PeBraidedLine  #PariRiver  ,port biasa ikan berbeza ğŸ˜‚ğŸ˜‚ selalu lampam abahÂ² kalini leekoh oren naik .. mimggu lepas dia missed 2 kali tengah main putus kalini upgrade .. ,#fishhunter #Leekoh #AbuGarciaCardinal #DaiwaJupiter #TargetW4pe #Asconfish #PeBraidedLine #PariRiver,_4zmanabdtalib
https://www.tiktok.com/@hasanahlovehijabofc/video/7167328083542904090,Yaa Ampon cantek nyaa akoh #filterpemeranutama  #filtermanjaah  #whislist2023tercapai  ,Yaa Ampon cantek nyaa akoh ,#filterpemeranutama #filtermanjaah #whislist2023tercapai,hasanahlovehijabofc
https://www.tiktok.com/@dul_thestory/video/7166438937794235675,à¹€à¸à¸²à¸°à¸«à¸¥à¸µà¹€à¸›à¹Šà¸° à¸ˆ.à¸ªà¸•à¸¹à¸¥ #goodvibes  #kohlipe  ,à¹€à¸à¸²à¸°à¸«à¸¥à¸µà¹€à¸›à¹Šà¸° à¸ˆ.à¸ªà¸•à¸¹à¸¥ ,#goodvibes #kohlipe,dul_thestory
https://www.tiktok.com/@letgosomewhere_ae/video/7157262148899540251,No filter needed ğŸŒŠğŸŒ´ #à¸«à¸¥à¸µà¹€à¸›à¹Šà¸°  #à¸«à¸¥à¸µà¹€à¸›à¹Šà¸°à¸ªà¸•à¸¹à¸¥  #lipe  #kohlipe  ,No filter needed ğŸŒŠğŸŒ´ #à¸«à¸¥à¸µà¹€à¸›à¹Šà¸°#à¸«à¸¥à¸µà¹€à¸›à¹Šà¸°à¸ªà¸•à¸¹à¸¥,#lipe #kohlipe,letgosomewhere_ae
https://www.tiktok.com/@aimeebelll/video/7186163401406582017,"I think this is the best place Iâ€™ve ever stayed ğŸ“ Irene resort, Koh Lipe #kohlipe  #besthotelsintheworld  #thailand  #besthotels  #travel  ","I think this is the best place Iâ€™ve ever stayed ğŸ“ Irene resort, Koh Lipe ",#kohlipe #besthotelsintheworld #thailand #besthotels #travel,aimeebelll
https://www.tiktok.com/@andra.oprea/video/7169844927390567681,6 lucruri ciudate pe care le poti intalni in Thailanda #thailanda  #dog  #kohsamui  #thailand  #tailanda  ,6 lucruri ciudate pe care le poti intalni in Thailanda ,#thailanda #dog #kohsamui #thailand #tailanda,andra.oprea
https://www.tiktok.com/@farahyousoff/video/7167258941171207450,Sedar2 harini dekat sini. The best breakfast view ever ğŸ¥¹â¤ï¸ Tic ferry koh lipe I bought from @cuticutilgk  #kohlipe  #maldivesofthailand  ,Sedar2 harini dekat sini. The best breakfast view ever ğŸ¥¹â¤ï¸ Tic ferry koh lipe I bought from @cuticutilgk,#kohlipe #maldivesofthailand,farahyousoff
https://www.tiktok.com/@permaisuriutara/video/7131197437875637531,#kohlipe  #kohlipeislandğŸï¸ğŸ‡¹ğŸ‡­  #thailand  #jalanjalan  #fyp  #fypã‚·  #holiday  #getaway ,ğŸï¸ğŸ‡¹ğŸ‡­ã‚· ,#kohlipe #kohlipeisland #thailand #jalanjalan #fyp #fyp #holiday #getaway,permaisuriutara
https://www.tiktok.com/@aemer750g/video/7154317614410386714,LTDL Bandar Meru Rayaâ€¦ini orang kata selekoh Durjana buat pelumba basikal ğŸ˜¬ #LTDL2022  #fyp  #ipohMeru  #excident  ,LTDL Bandar Meru Rayaâ€¦ini orang kata selekoh Durjana buat pelumba basikal ğŸ˜¬ ,#LTDL2022 #fyp #ipohMeru #excident,aemer750g
https://www.tiktok.com/@dibihalim__/video/7143113981706767642,memang mabokkkk cinta dengan blouse kuntum ni ğŸ˜ Love sangat baggy2 styleee ~ #jualbajumurah  #kohlipe  ,memang mabokkkk cinta dengan blouse kuntum ni ğŸ˜ Love sangat baggy2 styleee ~ ,#jualbajumurah #kohlipe,dibihalim__
https://www.tiktok.com/@nanizakir/video/7169718244717104411,Kerajaan Perpaduan yang dicadangkan oleh YDPA ğŸ‡²ğŸ‡¾ @CNğŸ‡²ğŸ‡¾ğŸ‡µğŸ‡¸ | Pencinta IlmuğŸ“šğŸ–‹ #kerajaanperpaduan  #pmmalaysiake10  #pakatanharapan  #bn  #perikatannasional  #pas  #sabah  #sarawak  #fyp  #algoritmotiktok  #seotiktok  ,Kerajaan Perpaduan yang dicadangkan oleh YDPA ğŸ‡²ğŸ‡¾ @CNğŸ‡²ğŸ‡¾ğŸ‡µğŸ‡¸ | Pencinta IlmuğŸ“šğŸ–‹ ,#kerajaanperpaduan #pmmalaysiake10 #pakatanharapan #bn #perikatannasional #pas #sabah #sarawak #fyp #algoritmotiktok #seotiktok,nanizakir
https://www.tiktok.com/@rinjanila/video/7163200619757554971,tips menambah berat badan dengan susu kambing etawa #heikamu  #fyp  #bismillahhijrah  #moisturizer  #skinbarrier  #skintificid  #btsarmy  #fypage  #sekolah  #guruhonorer  #capcut  #yona  #kdrama  #tinggaldijepang  #dokter  #introvert  #kamaruddinsimanjuntak  #contentcreator  #kuatmaruf  #crewneckmurah  #hipnoterapi  #focallure  #jogja  #jowopride  #perspektive  #a6000  #ekspor  #taylorswift  #norwegia  #placetovisit  #mindblown  #ai  #reseptiktok  #freelance  #digitalmarketingtips  #photography  #songjong  #kohdennislim  #tipskaya  #regsosek2022  #thrift  #grafologi  #rinjanila  #kitchen  #logatpati  #dracintiktok  #trauma  #brandlokalindonesia  #mentalhealth  #satisfyingvideo  #p3k  #pppk2022  #bisnisonline  #tiktokpemula  #sunset  #serunyabelajar  #jilbab  #endors  #powerpoint  #12dancingprincesses  #kerja  #bukurekomendasi  ,tips menambah berat badan dengan susu kambing etawa ,#heikamu #fyp #bismillahhijrah #moisturizer #skinbarrier #skintificid #btsarmy #fypage #sekolah #guruhonorer #capcut #yona #kdrama #tinggaldijepang #dokter #introvert #kamaruddinsimanjuntak #contentcreator #kuatmaruf #crewneckmurah #hipnoterapi #focallure #jogja #jowopride #perspektive #a6000 #ekspor #taylorswift #norwegia #placetovisit #mindblown #ai #reseptiktok #freelance #digitalmarketingtips #photography #songjong #kohdennislim #tipskaya #regsosek2022 #thrift #grafologi #rinjanila #kitchen #logatpati #dracintiktok #trauma #brandlokalindonesia #mentalhealth #satisfyingvideo #p3k #pppk2022 #bisnisonline #tiktokpemula #sunset #serunyabelajar #jilbab #endors #powerpoint #12dancingprincesses #kerja #bukurekomendasi,rinjanila
https://www.tiktok.com/@gothai.my/video/7147546726520409371,"Replying to @Nadhieya Zulaikha  Time ni low season so, orang pun tak berapa ramai #gothai  #gothaimy  #traveltiktok  #traveltok  #travelthailand  #explorethailand  #kohlipe  #maldivesofthailand  ","Replying to @Nadhieya ZulaikhaTime ni low season so, orang pun tak berapa ramai ",#gothai #gothaimy #traveltiktok #traveltok #travelthailand #explorethailand #kohlipe #maldivesofthailand,gothai.my
https://www.tiktok.com/@yundafaisyah/video/7168849380596862234,Teruntuk suami istri yang merindukan kehadiran buah hatiâ€¦ dengarkan iniâ€¦. ğŸ˜Š Peluk kuat.. Tag pasangan kamu yuk ğŸ¤— Ucapkanâ€¦.. Terimakasih pasangan hebatku @kohdennislim â¤ï¸ #pejua#pejuanggarisdua h#buahhati n#menantibuahhati ##doa a#ijabah a#surga a#keluargabahagia o#lombok okisland #ntb  #maasyaaallahtabarakallah  @æ—é‡‘ç¦ / Koh Dennis Lim  ,Teruntuk suami istri yang merindukan kehadiran buah hatiâ€¦ dengarkan iniâ€¦. ğŸ˜Š Peluk kuat.. Tag pasangan kamu yuk ğŸ¤— Ucapkanâ€¦.. Terimakasih pasangan hebatku @kohdennislim â¤ï¸h n # a a a o okisland @æ—é‡‘ç¦ / Koh Dennis Lim,#pejua #pejuanggarisdua #buahhati #menantibuahhati #doa #ijabah #surga #keluargabahagia #lombok #ntb #maasyaaallahtabarakallah,yundafaisyah
https://www.tiktok.com/@princeofdannok/video/7151758602447949082,Antara tempat wajib singgah kalau hangpa ke Pak Bara di Wilayah Satun Thailand.. lawa gila utk ootd gais & nak chill2 pn padu ğŸ™ğŸ¾ğŸ™ğŸ¾ #thericebylarnkaosatun  #travelthailand  #explore  #discover  #traveltiktok  #ootd  #cafe  #scenery  #satun  #pakbara  #kohlipe  #thailandvibes  #fyp  #thailand  ,Antara tempat wajib singgah kalau hangpa ke Pak Bara di Wilayah Satun Thailand.. lawa gila utk ootd gais & nak chill2 pn padu ğŸ™ğŸ¾ğŸ™ğŸ¾ ,#thericebylarnkaosatun #travelthailand #explore #discover #traveltiktok #ootd #cafe #scenery #satun #pakbara #kohlipe #thailandvibes #fyp #thailand,princeofdannok
https://www.tiktok.com/@nzrfhzln/video/7120830208344689946,"à¸ªà¸§à¸±à¸ªà¸”à¸µà¸•à¸­à¸™à¹€à¸Šà¹‰à¸² Koh Lipe, Thailand ğŸ #kohlipe  #thailandtravel  #hatyai  #pakbara ","à¸ªà¸§à¸±à¸ªà¸”à¸µà¸•à¸­à¸™à¹€à¸Šà¹‰à¸² Koh Lipe, Thailand ğŸ",#kohlipe #thailandtravel #hatyai #pakbara,nzrfhzln
https://www.tiktok.com/@dul_thestory/video/7158435827989695770,Itâ€™s perfect day ğŸ¤ #kohlipe  #à¸«à¸¥à¸µà¹€à¸›à¹Šà¸°  #fyp  ,Itâ€™s perfect day ğŸ¤ #à¸«à¸¥à¸µà¹€à¸›à¹Šà¸°,#kohlipe #fyp,dul_thestory
https://www.tiktok.com/@jerrywongts/video/7162918405975117083,Yang penting yakin ğŸ˜†ğŸ˜†ğŸ˜† #jombelajar  #learnontiktok  #tiktokguru  #lesenmemandu  #belajarmemandu  ,Yang penting yakin ğŸ˜†ğŸ˜†ğŸ˜† ,#jombelajar #learnontiktok #tiktokguru #lesenmemandu #belajarmemandu,jerrywongts
https://www.tiktok.com/@bardhiuka/video/7178208416404475141,"Kom fillu bullk tâ€™pastert qe njÃ« kohÃ«, plus e kom rrit protein pak ma shume qe mos me dominu karbohidratet, pe shoh qe o tu shku mire! Tamon pregaditje pÃ«r verÃ«. #fyp  #fypã‚·  #gymtok  #viral  #trending  ","Kom fillu bullk tâ€™pastert qe njÃ« kohÃ«, plus e kom rrit protein pak ma shume qe mos me dominu karbohidratet, pe shoh qe o tu shku mire! Tamon pregaditje pÃ«r verÃ«. ã‚·",#fyp #fyp #gymtok #viral #trending,bardhiuka
https://www.tiktok.com/@yundafaisyah/video/7176785542992907546,DAHSYATNYA Mengamalkan Surah Muhammad Ayat 7 Siap siap ditolong AllahğŸ˜Š #rahasiahidupbahagia  #ditolongallah  #hidupmudah  #quran  #keajaibanquran  #rezekidatang  #hidupbebasdrama  #kedudukan  #populer  #viral  #rahasia  #rahasiasukses  #videoviral  #kajianislamtiktok  #kajianislam  #ygy  #muallaf  #muallafcenter  #dewaekaprayoga  #ustadzfelixsiauw  #kajianpendek  #yukngaji  #wwwdompetalqurancom  #GengFlannel  #fyp  #bts  #ustadzadihidayat  #ustadzabdulsomad  #ustadzhandybonny  #ustadzhananattaki  #ustadzhilmanfauji  #ustadzfatihkarim  #pemudahijrahvideo  #pemudahijra  #videoviral  #ngajiyuk  #dakwah  #muslim  #moslem  #tauhid  #aagym  #korea  #songjongki  #oneminutebooster  #kohdennislim  #yundafaisyah  ,DAHSYATNYA Mengamalkan Surah Muhammad Ayat 7 Siap siap ditolong AllahğŸ˜Š ,#rahasiahidupbahagia #ditolongallah #hidupmudah #quran #keajaibanquran #rezekidatang #hidupbebasdrama #kedudukan #populer #viral #rahasia #rahasiasukses #videoviral #kajianislamtiktok #kajianislam #ygy #muallaf #muallafcenter #dewaekaprayoga #ustadzfelixsiauw #kajianpendek #yukngaji #wwwdompetalqurancom #GengFlannel #fyp #bts #ustadzadihidayat #ustadzabdulsomad #ustadzhandybonny #ustadzhananattaki #ustadzhilmanfauji #ustadzfatihkarim #pemudahijrahvideo #pemudahijra #videoviral #ngajiyuk #dakwah #muslim #moslem #tauhid #aagym #korea #songjongki #oneminutebooster #kohdennislim #yundafaisyah,yundafaisyah
https://www.tiktok.com/@dul_thestory/video/7161424718157925658,à¹€à¸—à¸µà¹ˆà¸¢à¸§à¸Šà¹ˆà¸§à¸‡à¹„à¸«à¸™ à¸ˆà¸°à¹€à¸ˆà¸­à¸ªà¸§à¸¢à¹†à¹à¸šà¸šà¸™à¸µà¹‰ ? ğŸï¸ğŸ¤ #à¸«à¸¥à¸µà¹€à¸›à¹Šà¸°  #kohlipe  #beachvibes  ,à¹€à¸—à¸µà¹ˆà¸¢à¸§à¸Šà¹ˆà¸§à¸‡à¹„à¸«à¸™ à¸ˆà¸°à¹€à¸ˆà¸­à¸ªà¸§à¸¢à¹†à¹à¸šà¸šà¸™à¸µà¹‰ ? ğŸï¸ğŸ¤ #à¸«à¸¥à¸µà¹€à¸›à¹Šà¸°,#kohlipe #beachvibes,dul_thestory
https://www.tiktok.com/@princeofdannok/video/7143248514930298139,Suasana ribut di Pak Bara Night Market pada 3.9.2022. Walaupun ribut tapi angin dia tetap best ğŸ˜‚ğŸ˜‚ #fyp  #thailand  #satun  #pakbara  #streetfood  #thaifood  #nightmarket  #seaside  #kohlipe  #beach  #explore  #travel  #storm  ,Suasana ribut di Pak Bara Night Market pada 3.9.2022. Walaupun ribut tapi angin dia tetap best ğŸ˜‚ğŸ˜‚ ,#fyp #thailand #satun #pakbara #streetfood #thaifood #nightmarket #seaside #kohlipe #beach #explore #travel #storm,princeofdannok
https://www.tiktok.com/@kekasihallah1502/video/7108281997813894427,"Border Padang Besar paling best.5 bintang.Cepat,mudah & friendly.#borderpass  #borderinfo  #thaimalayğŸ‡¹ğŸ‡­ğŸ‡²ğŸ‡¾  #travelinfo ","Border Padang Besar paling best.5 bintang.Cepat,mudah & friendly.ğŸ‡¹ğŸ‡­ğŸ‡²ğŸ‡¾ ",#borderpass #borderinfo #thaimalay #travelinfo,kekasihallah1502
https://www.tiktok.com/@maramind/video/7117543491076394267,Koh Lipe â›±ğŸğŸŒŠ #lipe  #kohlipe  #lipethailand ,Koh Lipe â›±ğŸğŸŒŠ,#lipe #kohlipe #lipethailand,maramind
https://www.tiktok.com/@amirul_amzar/video/6995196580408085787,Throwback #fypã‚·  #fypdongggggggg  #kohlipe ,Throwback ã‚· ,#fyp #fypdongggggggg #kohlipe,amirul_amzar
https://www.tiktok.com/@katytasker/video/7094120652898127110,Rainy days ğŸŒ¨ @autnoi_311219  #thailand  #kohlipe  #fyp  #thailandtiktok  #love  #loveyou ,Rainy days ğŸŒ¨ @autnoi_311219 ,#thailand #kohlipe #fyp #thailandtiktok #love #loveyou,katytasker
https://www.tiktok.com/@enekoboll/video/7187824119289875717,No ha sido el mejor PadThai.. ğŸ™ƒ #viajandosolo  #turismo  #budha  #Tailandia  #bangkok  #KohPhiPhi  #kohtao  #kohphangan  #kohsamui  #kohlipe  #krabi  #foodporn  #fullmoon  #foodporn  #nightmarket  #market  #thailand  #food  #padthai  ,No ha sido el mejor PadThai.. ğŸ™ƒ ,#viajandosolo #turismo #budha #Tailandia #bangkok #KohPhiPhi #kohtao #kohphangan #kohsamui #kohlipe #krabi #foodporn #fullmoon #foodporn #nightmarket #market #thailand #food #padthai,enekoboll
https://www.tiktok.com/@atokaali/video/7161718322831133979,Tokoh pemikir alam melayu - Zaâ€™ba,Tokoh pemikir alam melayu - Zaâ€™ba,#,atokaali
https://www.tiktok.com/@enekoboll/video/7187454707449761029,Y estos precios??? ğŸ“Tailandia #viajandosolo  #turismo  #budha  #Tailandia  #bangkok  #KohPhiPhi  #kohtao  #kohphangan  #kohsamui  #kohlipe  #krabi  #foodporn  #fullmoon  #foodporn  #nightmarket  #market  #thailand  #food  #friedchicken  ,Y estos precios??? ğŸ“Tailandia ,#viajandosolo #turismo #budha #Tailandia #bangkok #KohPhiPhi #kohtao #kohphangan #kohsamui #kohlipe #krabi #foodporn #fullmoon #foodporn #nightmarket #market #thailand #food #friedchicken,enekoboll
https://www.tiktok.com/@polarrdff/video/6934994078836722945,Sunset ğŸŒ… #kohlipeğŸğŸ–ğŸŒŠ ,Sunset ğŸŒ… ğŸğŸ–ğŸŒŠ ,#kohlipe,polarrdff
https://www.tiktok.com/@aqilxhxmin_/video/7135078678764997914,alhamdulilah i did itğŸ˜­ğŸ«¶ğŸ»ğŸ’— #lesenmemandu  #fypã‚·  #jpjmalaysia  ,alhamdulilah i did itğŸ˜­ğŸ«¶ğŸ»ğŸ’— ã‚·,#lesenmemandu #fyp #jpjmalaysia,aqilxhxmin_
https://www.tiktok.com/@hannahdeeksabroad/video/7069857683288984838,Heaven right there ğŸ™ #kohlipeislandğŸï¸ğŸ‡¹ğŸ‡­  #thailandtraveltips  #thisisheaven  #traveltips2022  #fyp  #travel2022ğŸ—£  #southeastasiatravel  #girlswhotravel ,Heaven right there ğŸ™ ğŸï¸ğŸ‡¹ğŸ‡­ğŸ—£ ,#kohlipeisland #thailandtraveltips #thisisheaven #traveltips2022 #fyp #travel2022 #southeastasiatravel #girlswhotravel,hannahdeeksabroad
https://www.tiktok.com/@marcocorradossi/video/7059477303755033862,#lost_in_paradise  #kohlipeislandğŸï¸  #tropicalisland  #andamansea ,ğŸï¸ ,#lost_in_paradise #kohlipeisland #tropicalisland #andamansea,marcocorradossi
https://www.tiktok.com/@im_krishsah/video/7144763867254508826,Kohli in police dress â¤ï¸ğŸ”¥ #viratkohli  #kohifan  #kohli  #sachintendulkar  #india  ,Kohli in police dress â¤ï¸ğŸ”¥ ,#viratkohli #kohifan #kohli #sachintendulkar #india,im_krishsah
https://www.tiktok.com/@basyasman00/video/7063361694386392347,Spontan aja semalem dilive.. sorryğŸ¤§,Spontan aja semalem dilive.. sorryğŸ¤§,#,basyasman00
https://www.tiktok.com/@aku_ng0pi/video/7154661704134036762,Koh #stevenindrawibowo  di #hijrahfest  2018 Menjadi wasilah hidayah untuk 16 pemuda pemudi menjadi seorang Muslim Semoga menjadi pahala jariah buat Almarhum   Yuk kirimin doa doa terbaik untuk koh #stevenindrawibowo  #kohstevenindrawibowo  #kohsteven  #mualafcenterindonesia  #mci  #akungopi  #fypã‚·  #vertizonetv  ,Koh di 2018 Menjadi wasilah hidayah untuk 16 pemuda pemudi menjadi seorang Muslim Semoga menjadi pahala jariah buat Almarhum Yuk kirimin doa doa terbaik untuk koh ã‚·,#stevenindrawibowo #hijrahfest #stevenindrawibowo #kohstevenindrawibowo #kohsteven #mualafcenterindonesia #mci #akungopi #fyp #vertizonetv,aku_ng0pi
https://www.tiktok.com/@kingmshahrul1/video/7186559021090983195,Sambutan luar biasa Tokoh2 Indonesia terhadap PM Malaysia #anwaribrahim  ,Sambutan luar biasa Tokoh2 Indonesia terhadap PM Malaysia ,#anwaribrahim,kingmshahrul1
https://www.tiktok.com/@artist_drawings_ghost/video/7069883954609835291,tokoh pemegang pulau jawa #fyp  #fypã‚·  #fypage  #artistdrawingsghostdina  #tokohjawa ,tokoh pemegang pulau jawa ã‚· ,#fyp #fyp #fypage #artistdrawingsghostdina #tokohjawa,artist_drawings_ghost
https://www.tiktok.com/@evokohtv/video/7133812942641974529,PART 1 | Bergantung pada hubungan takkan ada peluangğŸ¥°ğŸ˜‡ #evokoh #bossevo #evooptometry #teamevo #iloveevo #kedaicerminmataevo #dramaevo #evocreatorstudio ,PART 1 | Bergantung pada hubungan takkan ada peluangğŸ¥°ğŸ˜‡ ,#evokoh #bossevo #evooptometry #teamevo #iloveevo #kedaicerminmataevo #dramaevo #evocreatorstudio,evokohtv
https://www.tiktok.com/@kohdennislim/video/7166848647529860379,"Pegang bagian tubuh yang sakit lalu membaca Ø¨ÙØ§Ø³Ù’Ù…Ù Ø§Ù„Ù„Ù‘ÙÙ‡Ù (3Ã—) Ø£ÙØ¹ÙÙˆØ°Ù Ø¨ÙØ§Ù„Ù„Ù‘ÙÙ‡Ù ÙˆÙÙ‚ÙØ¯Ù’Ø±ÙØªÙÙ‡Ù Ù…ÙÙ†Ù’ Ø´ÙØ±Ù‘Ù Ù…ÙØ§ Ø£ÙØ¬ÙØ¯Ù ÙˆÙØ£ÙØ­ÙØ§Ø°ÙØ±Ù (7Ã—) â€œBismillah (3 x) Aâ€™udzu billahi wa qudrotihi min syarri maa ajidu wa uhaadzir (7 x)â€ [Dengan menyebut nama Allah, dengan menyebut nama Allah, aku berlindung kepada Allah dan kuasa-Nya dari kejelekan yang aku dapatkan dan aku waspadai] (HR. Muslim no. 2202) #kohdennislim  #songjoongki  #kajianislam  #tauhid  #haditsnabi  #doapilihan  #tanyakoko  #doa  #doamustajab  ","Pegang bagian tubuh yang sakit lalu membaca Ø¨ÙØ§Ø³Ù’Ù…Ù Ø§Ù„Ù„Ù‘ÙÙ‡Ù (3Ã—) Ø£ÙØ¹ÙÙˆØ°Ù Ø¨ÙØ§Ù„Ù„Ù‘ÙÙ‡Ù ÙˆÙÙ‚ÙØ¯Ù’Ø±ÙØªÙÙ‡Ù Ù…ÙÙ†Ù’ Ø´ÙØ±Ù‘Ù Ù…ÙØ§ Ø£ÙØ¬ÙØ¯Ù ÙˆÙØ£ÙØ­ÙØ§Ø°ÙØ±Ù (7Ã—) â€œBismillah (3 x) Aâ€™udzu billahi wa qudrotihi min syarri maa ajidu wa uhaadzir (7 x)â€ [Dengan menyebut nama Allah, dengan menyebut nama Allah, aku berlindung kepada Allah dan kuasa-Nya dari kejelekan yang aku dapatkan dan aku waspadai] (HR. Muslim no. 2202) ",#kohdennislim #songjoongki #kajianislam #tauhid #haditsnabi #doapilihan #tanyakoko #doa #doamustajab,kohdennislim
https://www.tiktok.com/@muktiga/video/7141349612123655451,PARA PEMERAN LADY DIANA DALAM BEBERAPA SERIAL DAN FILM #ladydiana  #princessdiana  #inggris  #royalfamily  #britaniaraya  #dianaspencer  #spencer  #tokohdunia  #kerajaaninggris  ,PARA PEMERAN LADY DIANA DALAM BEBERAPA SERIAL DAN FILM ,#ladydiana #princessdiana #inggris #royalfamily #britaniaraya #dianaspencer #spencer #tokohdunia #kerajaaninggris,muktiga
https://www.tiktok.com/@evooptometrytv/video/6997617272256777474,Ingat niat asal anda bekerjaâ—ï¸Setiap pelanggan mesti dilayan dengan baikğŸ¥° #evooptometry #evokoh #evoeyewear #iloveevo #kedaispekevo #kedaispekmalaysia #fyp ,Ingat niat asal anda bekerjaâ—ï¸Setiap pelanggan mesti dilayan dengan baikğŸ¥°,#evooptometry #evokoh #evoeyewear #iloveevo #kedaispekevo #kedaispekmalaysia #fyp,evooptometrytv
https://www.tiktok.com/@darisofficial/video/7189334696726203654,Edhe niher pe qafi e po shkoj ... A me drop ? ğŸ˜‡ #fypp  #shqipp  #virall  #ğŸ’”ğŸ¥€  ,Edhe niher pe qafi e po shkoj ... A me drop ? ğŸ˜‡ #ğŸ’”ğŸ¥€,#fypp #shqipp #virall,darisofficial
https://www.tiktok.com/@solgaschetto/video/7093275965861711109,Nuevo Vlog de viaje: â€œEl peor viaje del mundoâ€ (de Koh Lipe a Koh Tao) Link en Bio ğŸ™Œ #vlog  #tailandia  #kohlipe  #kohtao  @darioorsi ,Nuevo Vlog de viaje: â€œEl peor viaje del mundoâ€ (de Koh Lipe a Koh Tao) Link en Bio ğŸ™Œ @darioorsi ,#vlog #tailandia #kohlipe #kohtao,solgaschetto
https://www.tiktok.com/@sajojo96/video/7166597439380819226,"Bitou Tatsuya - Merupakan salah satu dari 4 Raja Toarushi yg kekuatannya diakui oleh Rindaman maupun Bouya Harumichi. Matoba, salah satu petinggi Housen memanggil Bitou Tatsuya untuk ikut perang, Karena ada orang sekuat dirinya. Apakah Bitou Tatsuya akan ikut perang? Siapakah orang sekuat bitou tatsuya tersebut? #NikmatiKenangannya  #fyp  #fypã‚·  #fypã‚·ã‚šviral  #fypage  #tiktokpelitfyp  #tiktokpelitgpernahfyp  #crows  #crowszero  #crowszero2  #crowsxworst  #crowszeromovies  #crowszero1  #crowszero3  #highandlow  #highandlowtheworst  #highandlowthemovie  #highandlowtheworstxcross  #highandlowtheworst2022  #highandlowxcross  #suzuran  #suzuranhighschool  #suzuranvshousen  #housen  #housengakuen  #housenka  #oya  #oyakoukou  #oyakohkoh  #narumitaiga  #matoba  #bitoutatsuya  #bitoumakio  #bitouhideyuki  #bouyaharumichi  #rindaman  #rindamanterkuatanglainnyasusahğŸ¥µğŸ¥µ  #takajotsukasa  #tsukasa  #tsukasaoya  ","Bitou Tatsuya - Merupakan salah satu dari 4 Raja Toarushi yg kekuatannya diakui oleh Rindaman maupun Bouya Harumichi. Matoba, salah satu petinggi Housen memanggil Bitou Tatsuya untuk ikut perang, Karena ada orang sekuat dirinya. Apakah Bitou Tatsuya akan ikut perang? Siapakah orang sekuat bitou tatsuya tersebut? ã‚·ã‚·ã‚šviralğŸ¥µğŸ¥µ",#NikmatiKenangannya #fyp #fyp #fyp #fypage #tiktokpelitfyp #tiktokpelitgpernahfyp #crows #crowszero #crowszero2 #crowsxworst #crowszeromovies #crowszero1 #crowszero3 #highandlow #highandlowtheworst #highandlowthemovie #highandlowtheworstxcross #highandlowtheworst2022 #highandlowxcross #suzuran #suzuranhighschool #suzuranvshousen #housen #housengakuen #housenka #oya #oyakoukou #oyakohkoh #narumitaiga #matoba #bitoutatsuya #bitoumakio #bitouhideyuki #bouyaharumichi #rindaman #rindamanterkuatanglainnyasusah #takajotsukasa #tsukasa #tsukasaoya,sajojo96
https://www.tiktok.com/@rizakoto7/video/7101905924838657306,#foryou , ,#foryou,rizakoto7
https://www.tiktok.com/@kellydigitalmedia/video/7165006823668370714,Bagaimana Dengan Anda? #syaratsukses  #mindsetkaya  #kellydigitalmedia  #kohmentor  #networkmarketing  #hoki  #keberuntungan  #cincai  #tipssukses  #rahasiasukses  #bisnisonline  #pebisnispemula  #bisnismillenial  ,Bagaimana Dengan Anda? ,#syaratsukses #mindsetkaya #kellydigitalmedia #kohmentor #networkmarketing #hoki #keberuntungan #cincai #tipssukses #rahasiasukses #bisnisonline #pebisnispemula #bisnismillenial,kellydigitalmedia
https://www.tiktok.com/@firdaus.razali/video/7135768347077037339,Elemen Selekoh Z Kereta Manual..Ok ke tu? Moga Bermanfaat #insta360onex2  #imdesalita  #drivinginstructor  #belajarmemandu  #tiktokguru  #sekolahmemandu ,Elemen Selekoh Z Kereta Manual..Ok ke tu? Moga Bermanfaat,#insta360onex2 #imdesalita #drivinginstructor #belajarmemandu #tiktokguru #sekolahmemandu,firdaus.razali
https://www.tiktok.com/@hani9194/video/7081477931393977627,"Kevin itu peka sbenarnya tp trtutup dg cueknya,dia slalu mrhatiin koh sinyo ğŸ¥ºğŸ¥² #marcusgideon  #kevinsanjaya  #InstaxChallenge  #temanhealing  #badminton  #pubgmobilecolor4  #fypã‚·ã‚šviral  #FYP ","Kevin itu peka sbenarnya tp trtutup dg cueknya,dia slalu mrhatiin koh sinyo ğŸ¥ºğŸ¥² ã‚·ã‚šviral ",#marcusgideon #kevinsanjaya #InstaxChallenge #temanhealing #badminton #pubgmobilecolor4 #fyp #FYP,hani9194
https://www.tiktok.com/@duniahalureal/video/7142504333169397018,buat yg punya darah rendah aman? #pecintadrakor  #drachin  #wattpad  #tokohfiksi  #alldrama  #yummychocolava  #fyppppppppppppppppppppppp ,buat yg punya darah rendah aman?,#pecintadrakor #drachin #wattpad #tokohfiksi #alldrama #yummychocolava #fyppppppppppppppppppppppp,duniahalureal
https://www.tiktok.com/@solgaschetto/video/7092372206096846086,Nuevo Vlog de viaje: â€œEl peor viaje del mundoâ€ (de Koh Lipe a Koh Tao) Link en Bio ğŸ™Œ #vlog  #tailandia  #kohlipe  #kohtao  @darioorsi ,Nuevo Vlog de viaje: â€œEl peor viaje del mundoâ€ (de Koh Lipe a Koh Tao) Link en Bio ğŸ™Œ @darioorsi ,#vlog #tailandia #kohlipe #kohtao,solgaschetto
https://www.tiktok.com/@solgaschetto/video/7092720078407437574,Nuevo Vlog de viaje: â€œEl peor viaje del mundoâ€ (de Koh Lipe a Koh Tao) Link en Bio ğŸ™Œ #vlog  #tailandia  #kohlipe  #kohtao  @darioorsi ,Nuevo Vlog de viaje: â€œEl peor viaje del mundoâ€ (de Koh Lipe a Koh Tao) Link en Bio ğŸ™Œ @darioorsi ,#vlog #tailandia #kohlipe #kohtao,solgaschetto
https://www.tiktok.com/@pitriigemoy_/video/7151718253570673947,Ndang jajalen rek. piye respon.e mudeg ta gakğŸ˜‚ğŸ¤£#fypã‚·  #fypdongggggggg  #tiktokpelitfyp  #fyp  #fypã‚·ã‚šviral  ,Ndang jajalen rek. piye respon.e mudeg ta gakğŸ˜‚ğŸ¤£ã‚·ã‚·ã‚šviral,#fyp #fypdongggggggg #tiktokpelitfyp #fyp #fyp,pitriigemoy_
https://www.tiktok.com/@evokohtv/video/7134565068133518593,PART 2 | Bergantung pada hubungan takkan ada peluangğŸ¥°ğŸ˜‡ #evokoh #bossevo #evooptometry #teamevo #iloveevo #kedaicerminmataevo #dramaevo #evocreatorstudio ,PART 2 | Bergantung pada hubungan takkan ada peluangğŸ¥°ğŸ˜‡ ,#evokoh #bossevo #evooptometry #teamevo #iloveevo #kedaicerminmataevo #dramaevo #evocreatorstudio,evokohtv
https://www.tiktok.com/@solgaschetto/video/7093272058817170693,Nuevo Vlog de viaje: â€œEl peor viaje del mundoâ€ (de Koh Lipe a Koh Tao) Link en Bio ğŸ™Œ #vlog  #tailandia  #kohlipe  #kohtao  @darioorsi ,Nuevo Vlog de viaje: â€œEl peor viaje del mundoâ€ (de Koh Lipe a Koh Tao) Link en Bio ğŸ™Œ @darioorsi ,#vlog #tailandia #kohlipe #kohtao,solgaschetto
https://www.tiktok.com/@alanling2366/video/7166758290549001499,ğŸŒ¹Pronokoh ni paksa pm mengistiharkan pru15 diadakan bulan november..tak kira hujan atau taufan melanda...ğŸŒ» ğŸŒºTujuan beliau semata-mata utk diri sendiri utk melepaskan hukuman makhamah..hari ni nampak tuhan sudah hukum beliau..rakyat jelata dah bangkit memulau-nya..sampai bn dlm keaadaan kritikal..paling teruk dlm sejarah pruğŸ ğŸKj sudah mula menberontak zaid hamidi.calon ban skg Susah payah utk menjlnkan canvasing tarik undi...ramai calon kena maki kerana zaid hamidiğŸŒ¹ ğŸŒºDulu pronokoh ni tidak mahu org cina..india support..pru15 ni nampak org melayu mula Mengetepikan bn kerana tingkah-laku zaid hamidi ğŸ˜¡Janji poster boy adalah ismal sabri..tapi semasa pencalonan ahli..puak pm majoriti kena cantas..jadi timbul-lah perpecahan besar dalaman umno sendiri..sampai kerusi bagan datuk  kemungkinan besar akan kecundang Juga...tok mat rembau pun sama juga..sebab penyokong kj tidak puas hati ğŸŒ»Mari-lah org ramai keluar undi pd 19 haribulan Ya..menentukan kerajaan baru dgn bersih  cekap  amanah..sekian terimakasihğŸ™ğŸ™ğŸ™ #fyp  #viral  #malaysia  #PRU15  #BarisanNasional  #kelantan  #perak  #pahang  #sabah  #sarawak  #johor  #airhitam  #sungaibesar  #election  #safety  #DAP  #pkr  #bentong  #raub  ,ğŸŒ¹Pronokoh ni paksa pm mengistiharkan pru15 diadakan bulan november..tak kira hujan atau taufan melanda...ğŸŒ» ğŸŒºTujuan beliau semata-mata utk diri sendiri utk melepaskan hukuman makhamah..hari ni nampak tuhan sudah hukum beliau..rakyat jelata dah bangkit memulau-nya..sampai bn dlm keaadaan kritikal..paling teruk dlm sejarah pruğŸ ğŸKj sudah mula menberontak zaid hamidi.calon ban skg Susah payah utk menjlnkan canvasing tarik undi...ramai calon kena maki kerana zaid hamidiğŸŒ¹ ğŸŒºDulu pronokoh ni tidak mahu org cina..india support..pru15 ni nampak org melayu mula Mengetepikan bn kerana tingkah-laku zaid hamidi ğŸ˜¡Janji poster boy adalah ismal sabri..tapi semasa pencalonan ahli..puak pm majoriti kena cantas..jadi timbul-lah perpecahan besar dalaman umno sendiri..sampai kerusi bagan datukkemungkinan besar akan kecundang Juga...tok mat rembau pun sama juga..sebab penyokong kj tidak puas hati ğŸŒ»Mari-lah org ramai keluar undi pd 19 haribulan Ya..menentukan kerajaan baru dgn bersihcekapamanah..sekian terimakasihğŸ™ğŸ™ğŸ™ ,#fyp #viral #malaysia #PRU15 #BarisanNasional #kelantan #perak #pahang #sabah #sarawak #johor #airhitam #sungaibesar #election #safety #DAP #pkr #bentong #raub,alanling2366
https://www.tiktok.com/@kohdennislim/video/7150470301552348442,pegang ayat ini sepanjang hidupmu..   #tanyakoko  #kajianislam  #kajiansingkat  #oneminutebooster  #kohdennislim  #songjoongki  #hijrah  #yukngaji  #ngajiyuk  #pemudahijrah  #chinese  #viral  #bts  #fyp  ,pegang ayat ini sepanjang hidupmu.. ,#tanyakoko #kajianislam #kajiansingkat #oneminutebooster #kohdennislim #songjoongki #hijrah #yukngaji #ngajiyuk #pemudahijrah #chinese #viral #bts #fyp,kohdennislim
https://www.tiktok.com/@gataudeehh6/video/7135296104366689562,"kohsinyo bilek ""gapapa kok vin gapapa uda biasa""ğŸ˜‚ #bwc  #bwc2022  #kevinsanjaya  #marcusfernaldigideon  #kevinsanjayasukamuljo  #marcusgideon  #kohsinyo  #mpin  #badminton  #badmintonindonesia  #badmintonplayer  #fyp  #epeyepe  #foryou  #foryoupage  #foryourpage ","kohsinyo bilek ""gapapa kok vin gapapa uda biasa""ğŸ˜‚",#bwc #bwc2022 #kevinsanjaya #marcusfernaldigideon #kevinsanjayasukamuljo #marcusgideon #kohsinyo #mpin #badminton #badmintonindonesia #badmintonplayer #fyp #epeyepe #foryou #foryoupage #foryourpage,gataudeehh6
https://www.tiktok.com/@pandhovi/video/7182215029922467098,"Abdul Hamid, nama pemeran tokoh Pak Ogah di film televisi, Si Unyil sudah setahun terakhir tergolek di tempat tidur. Ia mengalami penyumbatan otak dan penggumpalan darah di kepalanya. ""Masih bisa jalan, walaupun awalnya emang enggak bisa. Cuma kalau jalan kayak enggak ada rem, jadi lurus terus nabrak-nabrak. Daya pikir sama tujuannya sudah enggak sinkron,"" kata Yuyun Widiyanti ketika dihubungi Tempo, Senin, 10 Januari 2022. Yuyun menuturkan, Abdul Hamid, 74 tahun, mulai sakit saat hendak berangkat kerja men-dubbing Pak Ogah. Saat itu, penyulih suara Pak Ogah ini memanggilnya unuk mengeluhkan ponselnya yang menurut dia rusak. ""Saya ambil, enggak rusak ternyata. Waktu saya cek dia enggak sengaja foto terus kirim ke semua orang. Tapi dia ngotot handphonenya rusak sampai dia lempar. Sambil saya ajak ngobrol, baru saya sadar itu tangan, kaki, dan pikiran enggak sinkron,"" katanya. Apalagi, si penerima pesan lewat Whatsapp yang dikirim secara tak sengaja oleh Abdul itu mengirim balik untuk mempertanyakan maksud pesan tersebut. Yuyun kemudian berinisiatif mengajaknya ke rumah sakit untuk berobat tapi selalu ditolak 'Pak Ogah.' ""Dia selalu alasannya BPJS karena sudah lima tahun kami tidak membayar iuran karena memang tidak ada biaya,"" katanya. Pada akhirnya, keluarga patungan untuk membawa Abdul ke rumah sakit agar mendapatkan perawatan. Saat itulah, keluarga mengetahui penyakit yang diderita Abdul. #fypã‚·  #pakogah  #foryoupage  #fyi  ","Abdul Hamid, nama pemeran tokoh Pak Ogah di film televisi, Si Unyil sudah setahun terakhir tergolek di tempat tidur. Ia mengalami penyumbatan otak dan penggumpalan darah di kepalanya. ""Masih bisa jalan, walaupun awalnya emang enggak bisa. Cuma kalau jalan kayak enggak ada rem, jadi lurus terus nabrak-nabrak. Daya pikir sama tujuannya sudah enggak sinkron,"" kata Yuyun Widiyanti ketika dihubungi Tempo, Senin, 10 Januari 2022. Yuyun menuturkan, Abdul Hamid, 74 tahun, mulai sakit saat hendak berangkat kerja men-dubbing Pak Ogah. Saat itu, penyulih suara Pak Ogah ini memanggilnya unuk mengeluhkan ponselnya yang menurut dia rusak. ""Saya ambil, enggak rusak ternyata. Waktu saya cek dia enggak sengaja foto terus kirim ke semua orang. Tapi dia ngotot handphonenya rusak sampai dia lempar. Sambil saya ajak ngobrol, baru saya sadar itu tangan, kaki, dan pikiran enggak sinkron,"" katanya. Apalagi, si penerima pesan lewat Whatsapp yang dikirim secara tak sengaja oleh Abdul itu mengirim balik untuk mempertanyakan maksud pesan tersebut. Yuyun kemudian berinisiatif mengajaknya ke rumah sakit untuk berobat tapi selalu ditolak 'Pak Ogah.' ""Dia selalu alasannya BPJS karena sudah lima tahun kami tidak membayar iuran karena memang tidak ada biaya,"" katanya. Pada akhirnya, keluarga patungan untuk membawa Abdul ke rumah sakit agar mendapatkan perawatan. Saat itulah, keluarga mengetahui penyakit yang diderita Abdul. ã‚·",#fyp #pakogah #foryoupage #fyi,pandhovi
https://www.tiktok.com/@atikohganjarlovers/video/7153195666439802138,Jangan lupa piknik ya gaees!!! #piknik  #atikoh  #ganjarpranowo  #lucu  #couple  ,Jangan lupa piknik ya gaees!!! ,#piknik #atikoh #ganjarpranowo #lucu #couple,atikohganjarlovers
https://www.tiktok.com/@ucucombie87/video/7065530653378366747,eksiden selekoh tembila.moga dipermudahkn mencari mangsa#fypã‚·ã‚šviral  #fypdongggggggg  #ucholidays  #fypã‚·ã‚šviral  #aaholidays  #pulaupehentian  #fypdongggggggggã‚· ,eksiden selekoh tembila.moga dipermudahkn mencari mangsaã‚·ã‚šviralã‚·ã‚šviralã‚· ,#fyp #fypdongggggggg #ucholidays #fyp #aaholidays #pulaupehentian #fypdonggggggggg,ucucombie87
https://www.tiktok.com/@bangshaf/video/7164846011326778650,"Formula Kesuksesan Dari Tokoh Dunia (Ronaldo, Messi, Lebron, Bill G, Khabib, dll) #pebasket  #sepakbola  #cerita  #fypã‚·  #motivasi  #kisahnyata  #olahraga  ","Formula Kesuksesan Dari Tokoh Dunia (Ronaldo, Messi, Lebron, Bill G, Khabib, dll) ã‚·",#pebasket #sepakbola #cerita #fyp #motivasi #kisahnyata #olahraga,bangshaf
https://www.tiktok.com/@aabikhair/video/7181836943137705242,#PMX , ,#PMX,aabikhair
https://www.tiktok.com/@keymint_official/video/7139162756661529883,Segek kuching kunci mall di pegang.. #skalow  #keymint  #sharmkamikaze  #fyp  #fypã‚·  #fypdongggggggg  #tiktok  #tiktoksarawak  #tiktokmalaysia  #funny  #viral2022  ,Segek kuching kunci mall di pegang.. ã‚·,#skalow #keymint #sharmkamikaze #fyp #fyp #fypdongggggggg #tiktok #tiktoksarawak #tiktokmalaysia #funny #viral2022,keymint_official
https://www.tiktok.com/@ustadzsahalofficial/video/7153809639203786010,"Umat Islam saat itu tertipu oleh seorang Yudi Mulyana , yang menjadi sosok ""ustadz"" namun sebenernya dia adalah pendeta. Daan Allah buka kemurtadan nya d salah satu gereja. Simak yuk oleh koh @Hanny.Kristianto  @hannykristianto  #murtad  #pemurtadan  #pendeta  #misionaris  #mualaf  #mualafcentretiktok  #mualafcenterindonesia  #fyp  #viral  #viralvideo  #fypã‚·  #viralfyp  ","Umat Islam saat itu tertipu oleh seorang Yudi Mulyana , yang menjadi sosok ""ustadz"" namun sebenernya dia adalah pendeta. Daan Allah buka kemurtadan nya d salah satu gereja. Simak yuk oleh koh @Hanny.Kristianto@hannykristiantoã‚·",#murtad #pemurtadan #pendeta #misionaris #mualaf #mualafcentretiktok #mualafcenterindonesia #fyp #viral #viralvideo #fyp #viralfyp,ustadzsahalofficial
https://www.tiktok.com/@aku_ibor/video/7186133529569332507,Hallo babaturan tiktok #tasikmalaya_jawabarat  #adayinmylifeindonesia  #aday  #xyzbca  #foryoupage  #fyp  #hallobabaturantiktok  #babaturantiktok  #ibor_aja  #seblak  #ciawi  #ciawitasikmalaya  #ciawitasik  #ciawitasikmalayağŸ“ğŸ‡²ğŸ‡¨  #seblakmalaka  #seblakmalakatasikmalaya  #ratuseblak  #seblakviral  #pecintaseblak  #kabupatentasikmalaya  #lekoh  #seblakenak  #trending  #kulineran  #kulinerantasik  #kulinertasik  #kulinertasikmalaya  #seblaktasik  #seblaktasikmalaya  ,Hallo babaturan tiktok ğŸ“ğŸ‡²ğŸ‡¨,#tasikmalaya_jawabarat #adayinmylifeindonesia #aday #xyzbca #foryoupage #fyp #hallobabaturantiktok #babaturantiktok #ibor_aja #seblak #ciawi #ciawitasikmalaya #ciawitasik #ciawitasikmalaya #seblakmalaka #seblakmalakatasikmalaya #ratuseblak #seblakviral #pecintaseblak #kabupatentasikmalaya #lekoh #seblakenak #trending #kulineran #kulinerantasik #kulinertasik #kulinertasikmalaya #seblaktasik #seblaktasikmalaya,aku_ibor
https://www.tiktok.com/@mix__bollywood/video/7134382476901747994,Anushka Virat nikle scooter pe!!ğŸ›µğŸ˜ Lovebirds black helmet #fyp  #hellotiktok  #bollywood  #viral  #foryoupage  #viral  #viratkohli  #anuskasharma ,Anushka Virat nikle scooter pe!!ğŸ›µğŸ˜ Lovebirds black helmet,#fyp #hellotiktok #bollywood #viral #foryoupage #viral #viratkohli #anuskasharma,mix__bollywood
https://www.tiktok.com/@ustadzsahalofficial/video/7154030261464812826,"Makin terkuat siapa penyusup agama dan penipu ulung dalam urusan agama , bukan hanya Islam yg d permainkan. simak Yaa oleh koh @Hanny Kristianto  @Hanny.Kristianto  #misionaris  #murtad  #pemurtadan  #mualaf  #mualafindonesia  #mualafcenter #murtadin  #fyp  #fypã‚·  #fypage #viral  #viraltiktok  #viralfyp  #viralfypã‚·foryoupage  ","Makin terkuat siapa penyusup agama dan penipu ulung dalam urusan agama , bukan hanya Islam yg d permainkan. simak Yaa oleh koh @Hanny Kristianto@Hanny.Kristianto ã‚· ã‚·foryoupage",#misionaris #murtad #pemurtadan #mualaf #mualafindonesia #mualafcenter #murtadin #fyp #fyp #fypage #viral #viraltiktok #viralfyp #viralfyp,ustadzsahalofficial
https://www.tiktok.com/@aku_ng0pi/video/7155467480138370330,"Ngaku nya pemulung amal, padahal konglomerat amal , MasyaAllah â¤ï¸#stevenindrawibowo  #hijrahfest  #kohstevenindrawibowo  #kohsteven  #mualafcenterindonesia  #mci  #fypã‚·  ","Ngaku nya pemulung amal, padahal konglomerat amal , MasyaAllah â¤ï¸ã‚·",#stevenindrawibowo #hijrahfest #kohstevenindrawibowo #kohsteven #mualafcenterindonesia #mci #fyp,aku_ng0pi
https://www.tiktok.com/@yakesma/video/7155265561985879323,Nasihat Almarhum Koh Steven #steven  #kohsteven  #kohstevenindrawibowo  #kohstevenmualafcenter  ,Nasihat Almarhum Koh Steven ,#steven #kohsteven #kohstevenindrawibowo #kohstevenmualafcenter,yakesma
https://www.tiktok.com/@tani.idn/video/7159535922772577563,"Bestani, Selamat Memperingati Hari Sumpah Pemuda 2022! ğŸ‡®ğŸ‡©   Untuk memperingati hari ini, Mintan akan ulas beberapa tokoh pemuda Indonesia yang sukses dalam bidang pertanian.   Mari satukan semangat yang kuat dan tidak berhenti bertumbuh menjadi generasi tangguh! Semangat pemuda-pemudi Indonesiaâœ¨ #TaniIDN  #Pertanian  #G20  #G20Indonesia  #PulihBersama  #Pangan  #DaulatPangan  #Harisumpahpemuda ","Bestani, Selamat Memperingati Hari Sumpah Pemuda 2022! ğŸ‡®ğŸ‡© Untuk memperingati hari ini, Mintan akan ulas beberapa tokoh pemuda Indonesia yang sukses dalam bidang pertanian. Mari satukan semangat yang kuat dan tidak berhenti bertumbuh menjadi generasi tangguh! Semangat pemuda-pemudi Indonesiaâœ¨",#TaniIDN #Pertanian #G20 #G20Indonesia #PulihBersama #Pangan #DaulatPangan #Harisumpahpemuda,tani.idn
https://www.tiktok.com/@agungtop77/video/7044363788979539227,#tokoh  pejuang Bali Dumogi Amor ing Acintya Ida Ratu Djokorda Pemecutan XIğŸ™ğŸ™ğŸ™,pejuang Bali Dumogi Amor ing Acintya Ida Ratu Djokorda Pemecutan XIğŸ™ğŸ™ğŸ™,#tokoh,agungtop77
https://www.tiktok.com/@callme_raa/video/7078232121441111323,"Kevin dan Alna, itu adalah kami. Bukan tokoh utama hanya pemanis cerita. #wattpadimagoodgirl  #wattpadraa  #fyp  #wattpadrekomendasi  #wattpad ","Kevin dan Alna, itu adalah kami. Bukan tokoh utama hanya pemanis cerita.",#wattpadimagoodgirl #wattpadraa #fyp #wattpadrekomendasi #wattpad,callme_raa
https://www.tiktok.com/@koumizen/video/6985834726389124378,Malam minggu pe cerita:V #fypã‚·  #kawangkoan  #r23jsingkoh  #manado  #manado_sadap  #kawangkoanpunya ,Malam minggu pe cerita:V ã‚· ,#fyp #kawangkoan #r23jsingkoh #manado #manado_sadap #kawangkoanpunya,koumizen
https://www.tiktok.com/@noexnani520/video/7061524437794868507,Matur suwunnnnn buat pecinta NASI LENGKOH e yayu,Matur suwunnnnn buat pecinta NASI LENGKOH e yayu,#,noexnani520
https://www.tiktok.com/@iksports03/video/7089399637056048390,kohli vs Shaheen ğŸ”¥best kis pe banao #foryu  #plzsupport  #foryoupage  #fyp ,kohli vs Shaheen ğŸ”¥best kis pe banao,#foryu #plzsupport #foryoupage #fyp,iksports03
https://www.tiktok.com/@atikohganjarlovers/video/7165805691335183642,"Ibu Atikoh, perempuan terbaik di hati Pak Ganjar PranowoğŸ«¶ğŸ¼ #atikoh  #ganjarpranowo  #perempuanhebat  #wanita  ","Ibu Atikoh, perempuan terbaik di hati Pak Ganjar PranowoğŸ«¶ğŸ¼ ",#atikoh #ganjarpranowo #perempuanhebat #wanita,atikohganjarlovers
https://www.tiktok.com/@tokohita/video/7142047133133196571,"inspirasi outfit bigsize buat kamu pecinta jeans. plus jeansnya anti begah jg loh, nyaman banget dipakenya. Klik keranjang kuning ya. ğŸ˜ğŸ”¥#jeansantibegah  #tokohita  #weekendOOTD  #outfitbigsize  #outfitjumbo  #jeansbigsize  #bigsizeoutfit130kg  #bigsizejeans100kg  #fyp  ","inspirasi outfit bigsize buat kamu pecinta jeans. plus jeansnya anti begah jg loh, nyaman banget dipakenya. Klik keranjang kuning ya. ğŸ˜ğŸ”¥",#jeansantibegah #tokohita #weekendOOTD #outfitbigsize #outfitjumbo #jeansbigsize #bigsizeoutfit130kg #bigsizejeans100kg #fyp,tokohita
https://www.tiktok.com/@and17br/video/7006592606264249626,makin jelas dalang di balik banyak potensi perpecahan. dan tokohÂ² pemecah belah negri apakah mereka agen USA terselubung..?#nkri  #abri  #tni  #polri  #,makin jelas dalang di balik banyak potensi perpecahan. dan tokohÂ² pemecah belah negri apakah mereka agen USA terselubung..?#,#nkri #abri #tni #polri,and17br
https://www.tiktok.com/@malaysianspeaks/video/7167230295366847771,Kepada mereka yang tidak kenal Anwar Ibrahim #DSAI  #anwaribrahimpm10  #reformasi  #fypdongggggg  #fyppppppppppppppppppppppp  #fypã‚·ã‚šviral  #fypage  #fypã‚·  #pakatanharapan  #malaysiatiktok  #pilihanrayaumumke15  #pru15  #saifuddinnasutionismail  ,Kepada mereka yang tidak kenal Anwar Ibrahim ã‚·ã‚šviralã‚·,#DSAI #anwaribrahimpm10 #reformasi #fypdongggggg #fyppppppppppppppppppppppp #fyp #fypage #fyp #pakatanharapan #malaysiatiktok #pilihanrayaumumke15 #pru15 #saifuddinnasutionismail,malaysianspeaks
https://www.tiktok.com/@mustikajayaperkasa/video/7110548204386602267,"If ""selalu di bilang Toko Bangunan"" was a sport, pasti MJP udah pasti juara 1 nihğŸ˜#KeepKalem  #MakeNightsEpic  #mustikajayaperkasa  #teammjp  #pelapis  #tokohpl  #fittingfurniture ","If ""selalu di bilang Toko Bangunan"" was a sport, pasti MJP udah pasti juara 1 nihğŸ˜ ",#KeepKalem #MakeNightsEpic #mustikajayaperkasa #teammjp #pelapis #tokohpl #fittingfurniture,mustikajayaperkasa
https://www.tiktok.com/@missbellahasky/video/7158113174326185243,"Dalam salah satu artikel, baik SRK sang pemeran Rahul dan penulis script film ini, keduanya mengakui klo tokoh â€˜Rahulâ€™ di film ini tuh tipe cowo egois. Jadiiiii klo nemu yg model begini di dunia nyata, titip salam aja yaaaa. Klo menurutmu gimana? #belajardarifilm  #MAKUKUBestGiftOfLove  #DidYouYawn  #kuchkuchhotahai  #belajardarifilm  #masukberanda  #masukberandafyp  #masukfyp  #masukberandagak  #masukfypdong  #masukberandamuu  ","Dalam salah satu artikel, baik SRK sang pemeran Rahul dan penulis script film ini, keduanya mengakui klo tokoh â€˜Rahulâ€™ di film ini tuh tipe cowo egois. Jadiiiii klo nemu yg model begini di dunia nyata, titip salam aja yaaaa. Klo menurutmu gimana? ",#belajardarifilm #MAKUKUBestGiftOfLove #DidYouYawn #kuchkuchhotahai #belajardarifilm #masukberanda #masukberandafyp #masukfyp #masukberandagak #masukfypdong #masukberandamuu,missbellahasky
https://www.tiktok.com/@dewi2arum/video/7133220997045505281,pecinta Bollywood banget akoh tuh ğŸ¤ª#Percaya  #MenjadiIndonesia  #bol  #bollywood  ,pecinta Bollywood banget akoh tuh ğŸ¤ª,#Percaya #MenjadiIndonesia #bol #bollywood,dewi2arum
https://www.tiktok.com/@cricketlegends10/video/7110200910168575258,Next kis pe Banadon ? â™¥ï¸  #StandoutwithrealmeC35  #cricket  #abd  #viratkohli  #creator ,Next kis pe Banadon ? â™¥ï¸ ,#StandoutwithrealmeC35 #cricket #abd #viratkohli #creator,cricketlegends10
https://www.tiktok.com/@tvonenews/video/7159547312900033818,"Setahun jelang pembukaan pendaftaran calon presiden (capres) dan calon wakil presiden (cawapres) peserta Pemilu 2024, hawa politik Tanah Air kian memanas. Persaingan elektabilitas satu tokoh dengan yang lain semakin ketat, bahkan salip menyalip. Di bursa capres, ada sejumlah nama yang bersaing di antaranya Gubernur Jawa Tengah Ganjar Pranowo, Ketua Umum Partai Gerindra Prabowo Subianto, dan mantan Gubernur DKI Jakarta Anies Baswedan. Simak video selengkapnya di Youtube tvonenews #HardNews_Politik  #FlashOne  #CariBeritaditvOne ","Setahun jelang pembukaan pendaftaran calon presiden (capres) dan calon wakil presiden (cawapres) peserta Pemilu 2024, hawa politik Tanah Air kian memanas. Persaingan elektabilitas satu tokoh dengan yang lain semakin ketat, bahkan salip menyalip. Di bursa capres, ada sejumlah nama yang bersaing di antaranya Gubernur Jawa Tengah Ganjar Pranowo, Ketua Umum Partai Gerindra Prabowo Subianto, dan mantan Gubernur DKI Jakarta Anies Baswedan. Simak video selengkapnya di Youtube tvonenews",#HardNews_Politik #FlashOne #CariBeritaditvOne,tvonenews
https://www.tiktok.com/@engkohtiktok/video/7121237754930941211,Balas @barry.borneo  pelanggan jua yg meolah cacatğŸ¤£ğŸ¤£ğŸ¤£ #engkohtiktok  #engkohfyp  #banjarmasin  #fyp  #mekanikmuda  #rajawalisaktimotorbjm ,Balas @barry.borneopelanggan jua yg meolah cacatğŸ¤£ğŸ¤£ğŸ¤£,#engkohtiktok #engkohfyp #banjarmasin #fyp #mekanikmuda #rajawalisaktimotorbjm,engkohtiktok
https://www.tiktok.com/@afaofaa/video/7106447996178468123,masih jadi misteri siapa pemiliknya ğŸ˜‚ğŸ˜‚ mara akoh kea kok kanak ğŸ¤¦â€â™€ï¸,masih jadi misteri siapa pemiliknya ğŸ˜‚ğŸ˜‚ mara akoh kea kok kanak ğŸ¤¦â€â™€ï¸,#,afaofaa
https://www.tiktok.com/@princeofdannok/video/7139889784192912666,Alhamdulillah sampai juga ke Pak Bara ğŸ‡¹ğŸ‡­ğŸ‡¹ğŸ‡­.Walaupun short trip tp hopefully hangpa semua enjoy vid2 ni sama mcm waktu sy shoot vid2 ni jgk ğŸ™ğŸ¾ğŸ™ğŸ¾ #fyp  #thailand  #explore  #satun  #kohlipe  #pakbara  #beach  #foodie  #streetfood  #thaifood  #travel  #nightmarket  #seaside  #tiktokmalaysia  ,Alhamdulillah sampai juga ke Pak Bara ğŸ‡¹ğŸ‡­ğŸ‡¹ğŸ‡­.Walaupun short trip tp hopefully hangpa semua enjoy vid2 ni sama mcm waktu sy shoot vid2 ni jgk ğŸ™ğŸ¾ğŸ™ğŸ¾ ,#fyp #thailand #explore #satun #kohlipe #pakbara #beach #foodie #streetfood #thaifood #travel #nightmarket #seaside #tiktokmalaysia,princeofdannok
https://www.tiktok.com/@princeofdannok/video/7141657629381758234,sate ayam + somtam + angin laut + suasan pantai pak bara yg friendly mmg best ğŸ˜ğŸ˜ hgpa wajib cuba at least sekali seumur hidup ğŸ™ğŸ¾ğŸ™ğŸ¾ #fyp  #thailand  #satun  #pakbara  #kohlipe  #thaifood  #foodie  #seafood  #somtam  #satay  #chicken  #explore  #learnontiktok  ,sate ayam + somtam + angin laut + suasan pantai pak bara yg friendly mmg best ğŸ˜ğŸ˜ hgpa wajib cuba at least sekali seumur hidup ğŸ™ğŸ¾ğŸ™ğŸ¾ ,#fyp #thailand #satun #pakbara #kohlipe #thaifood #foodie #seafood #somtam #satay #chicken #explore #learnontiktok,princeofdannok
https://www.tiktok.com/@miliardermudaindonesia/video/7133815582528474395,Membalas @Bang Vito  Sekaya ini nih Farel Prayoga ğŸ¥°ğŸ¥° #miliardermudaindonesia  #serunyabelajar  #farelprayoga ,Membalas @Bang VitoSekaya ini nih Farel Prayoga ğŸ¥°ğŸ¥°,#miliardermudaindonesia #serunyabelajar #farelprayoga,miliardermudaindonesia
https://www.tiktok.com/@fdlaftrr/video/7106722460866809114,Reply to @withamandaaa  koh sinyo masih pemulihan tp happy banget akhirnya Minions Comeback!! #IndonesiaMasters2022  #fyp  #fypindo ,Reply to @withamandaaakoh sinyo masih pemulihan tp happy banget akhirnya Minions Comeback!!,#IndonesiaMasters2022 #fyp #fypindo,fdlaftrr
